Tier,Segment,Institution_Name,Chief Information Security Officer,Head of Governance Risk & Compliance,Chief Financial Officer,Chief Risk Officer,Head of Compliance,Chief Information Officer,Head of Internal Audit
3,MSBs,2C2P (Malaysia) Sdn Bhd,"NOT FOUND [Parent: Ant Group (acquired 2C2P Apr 2022). Founder: Aung Kyaw Moe (Wikipedia, conf 85, non-target). 2c2p.com has no leadership section. 0/7 target roles.]",NOT FOUND [2C2P (Malaysia) is a subsidiary of 2C2P Thailand (acquired by Ant Group 2022). No Malaysia-specific C-suite executives. Functions handled at 2C2P Group HQ level (Thailand/Singapore). conf 90],NOT FOUND [2C2P (Malaysia) is a subsidiary of 2C2P Thailand (acquired by Ant Group 2022). No Malaysia-specific C-suite executives. Functions handled at 2C2P Group HQ level (Thailand/Singapore). conf 90],NOT FOUND [2C2P (Malaysia) is a subsidiary of 2C2P Thailand (acquired by Ant Group 2022). No Malaysia-specific C-suite executives. Functions handled at 2C2P Group HQ level (Thailand/Singapore). conf 90],NOT FOUND [2C2P (Malaysia) is a subsidiary of 2C2P Thailand (acquired by Ant Group 2022). No Malaysia-specific C-suite executives. Functions handled at 2C2P Group HQ level (Thailand/Singapore). conf 90],NOT FOUND [2C2P (Malaysia) is a subsidiary of 2C2P Thailand (acquired by Ant Group 2022). No Malaysia-specific C-suite executives. Functions handled at 2C2P Group HQ level (Thailand/Singapore). conf 90],NOT FOUND [2C2P (Malaysia) is a subsidiary of 2C2P Thailand (acquired by Ant Group 2022). No Malaysia-specific C-suite executives. Functions handled at 2C2P Group HQ level (Thailand/Singapore). conf 90]
6,Fintech Sandbox,AEON Bank (M) Berhad,"Irfan Amer bin Mohd Ismail (confirmed full name)|Chief Information Security Officer|85|AEON Bank LinkedIn post (CSO30 ASEAN Awards 2024) + Malaysia Cyber Security Awards 2025 (Cybersecurity Professional of the Year)|AEON Bank CISO recognized at CSO30 ASEAN Awards 2024 and Cybersecurity Professional of the Year at Malaysia Cyber Security Awards 2025. Full surname not publicly confirmed (displayed as 'Irfan Amer bin Mohd Ismail (confirmed full name)' on award listings). [LinkedIn AEON Bank official posts + CSO30 awards, conf 85]",Kirenjeet Kaur|Chief Risk and Compliance Officer (GRAC)|80|https://www.aseanriskawards.com/kirenjeet-kaur-fateh-singh/|Leads four critical second-line functions incl. governance. Developed GRAC (Governance Risk Audit & Compliance) platform [ASEAN Risk Awards 2026],"Husna Abdul Hamid|Chief Financial Officer|90|https://my.linkedin.com/in/husna-abdul-hamid-90395aa2|Confirmed CFO at AEON Bank via LinkedIn profile (W.P. Kuala Lumpur), TheOfficialBoard listing, and AeroLeads. [LinkedIn + TheOfficialBoard + AeroLeads, conf 90]",Kirenjeet Kaur|Chief Risk and Compliance Officer|90|https://asiasamachar.com/2024/01/24/kirenjeet-kaur-navigates-risk-and-compliance-at-aeon-bank/|Chief Risk and Compliance Officer at AEON Bank (M) Berhad. Joined Feb 2023. Oversees market/liquidity/capital/credit/operational/technology risk + compliance + financial crime [AsiaSamachar Jan 2024 + ASEAN Risk Awards 2026],Kirenjeet Kaur|Chief Risk and Compliance Officer|90|https://asiasamachar.com/2024/01/24/kirenjeet-kaur-navigates-risk-and-compliance-at-aeon-bank/|Combined CRO+Compliance role at AEON Bank [AsiaSamachar + ASEAN Risk Awards],"Yew Jin Kang|Chief Technology Officer|85|https://fintechnews.my/56290/digital-banking-news-malaysia/aeon-bank-new-cto/|AEON Bank appointed Yew Jin Kang as CTO (Fintech News Malaysia article). Previously CTO at PLUS Malaysia. CTO function covers CIO/technology leadership at this digital bank. [Fintech News Malaysia + LinkedIn, conf 85]","NOT FOUND — AEON Bank senior leaders section is JS-rendered (Next.js); only Board of Directors publicly visible; CAE not disclosed (Jul 2025) Confirmed Jul 2026: aeonbank.com.my Senior Leaders tab is JS-rendered (Next.js); only Board of Directors extractable. Board: Chairman Tomokatsu Yoshitoshi, Exec Director Daisuke Maeda (also MD/CEO of parent AEON Credit Service), Ind. Directors Nirmala Doraisamy, Wan Rumaizi Wan Husin, Ho Chai Huey, Shunsuke Shirakawa. conf 95 Board confirmed Jul 2026 via aeonbank.com.my/about-us: Chairman Tomokatsu Yoshitoshi (Ind NED), Nirmala Doraisamy (Ind NED), Wan Rumaizi Wan Husin (Ind NED), Ho Chai Huey (Ind NED), Shunsuke Shirakawa (Non-Ind NED), Daisuke Maeda (Non-Ind Exec Dir/CEO). Senior Leaders section JS-rendered (Next.js), not scrapeable."
6,Fintech Sandbox,AEON Bank Berhad,,Kirenjeet Kaur,,Kirenjeet Kaur,Kirenjeet Kaur,,
4,E-Money,AEON Wallet (AEON Credit),"NOT FOUND [AEON Wallet is an e-money product of AEON Credit Service, not a separate institution. CISO not publicly listed. Parent AEON Bank CEO is Mohammad Ridzuan Abdul Aziz (not a target role). Sources: aeonbank.com.my, conf 30]","NOT FOUND [AEON Wallet is an e-money product of AEON Credit Service (M) Berhad, not a standalone entity. Risk/compliance/technology functions handled at AEON Credit Service level. conf 90]","NOT FOUND [AEON Wallet is an e-money product of AEON Credit Service (M) Berhad, not a standalone entity. Risk/compliance/technology functions handled at AEON Credit Service level. conf 90]","NOT FOUND [AEON Wallet is an e-money product of AEON Credit Service (M) Berhad, not a standalone entity. Risk/compliance/technology functions handled at AEON Credit Service level. conf 90]","NOT FOUND [AEON Wallet is an e-money product of AEON Credit Service (M) Berhad, not a standalone entity. Risk/compliance/technology functions handled at AEON Credit Service level. conf 90]","Lee Tyan Jen (Executive Director & Deputy CEO, oversees IT Division) [Official: aeoncredit.com.my/about-us/leadership, 2026-07-26]","NOT FOUND [AEON Wallet is an e-money product of AEON Credit Service (M) Berhad, not a standalone entity. Risk/compliance/technology functions handled at AEON Credit Service level. conf 90]"
2,Insurers,AIA Berhad,"Chee Lung Yuen (Director, Technology Risk Management & Business Continuity Management - CISO) [ASEAN Risk Awards industry profile: aseanriskawards.com/chee-lung-yuen/, conf 85]. CISO of AIA Bhd (Malaysia) since 2020. Not on AIA public EXCO leadership page (only top execs listed). Verified via credible regional risk-management industry body.",Datin Veronica Selvanayagy (General Counsel) [Official: aia.com.my] Confirmed Aug 2026 via official AIA Bhd leadership page scrape.],Edwin Peh (CFO) [Official: aia.com.my] Confirmed Aug 2026 via official AIA Bhd leadership page scrape.],Tan Teoh Guan (CRO) [Official: aia.com.my] Confirmed Aug 2026 via official AIA Bhd leadership page scrape.],Tan Teoh Guan (CRO - oversees compliance monitoring) [Official: aia.com.my],Sherlly Yuan Xiaoli (CTO) [Official: aia.com.my] Confirmed Aug 2026 via official AIA Bhd leadership page scrape.],"Not publicly disclosed on leadership page [Official: aia.com.my/en/about-aia/aia-subsidiaries/about-aia-bhd/leadership-team — as of Jul 2026; Datin Veronica Selvanayagy (General Counsel) oversees Corporate Governance & Corporate Security, conf 40]"
2,Insurers,AIA General Berhad,"Chee Lung Yuen (Director, Technology Risk Management & BCM - CISO) [Group-level: AIA Shared Services covers all AIA entities in Malaysia. Datin Veronica (General Counsel) bio confirms shared services model for 'all AIA entities in Malaysia including the three licensed insurance and takaful entities'. Conf 80]",Datin Veronica Selvanayagy (General Counsel) [Official: aia.com.my],Edwin Peh (CFO) [Official: aia.com.my],Tan Teoh Guan (CRO) [Official: aia.com.my],"Nanthini Kandasamy (Director, Risk & Compliance) [Official: aia.com.my, conf 90]",Sherlly Yuan Xiaoli (CTO) [Official: aia.com.my],"Not publicly disclosed on leadership page [Official: aia.com.my/en/about-aia/aia-subsidiaries/about-aia-bhd/leadership-team — as of Jul 2026; shared audit function with AIA Bhd, conf 40]"
2,Takaful,AIA Public Takaful Berhad,"Chee Lung Yuen (Director, Technology Risk Management & BCM - CISO) [Group-level: AIA Shared Services covers all AIA entities in Malaysia including AIA Public Takaful Bhd. Conf 80]",Datin Veronica Selvanayagy (General Counsel) [Official: aia.com.my],Edwin Peh (CFO) [Official: aia.com.my],Tan Teoh Guan (CRO) [Official: aia.com.my],"Ahmad Faisal Ahamad Nawawi (Associate Director, Compliance) [Official: aia.com.my, conf 90]",Sherlly Yuan Xiaoli (CTO) [Official: aia.com.my],"Not publicly disclosed on leadership page [Official: aia.com.my/en/about-aia/aia-subsidiaries/about-aia-bhd/leadership-team — as of Jul 2026; shared audit function with AIA Bhd, conf 40]"
2,Investment Banks,Affin Investment Bank Berhad,Teng Wei Lim (Thomas) (Group CISO/GCISO) [LinkedIn: my.linkedin.com/in/thomaslim],Cheong Dang (Group CRO) + Adzamimah Adzmi (Group CCO) [Group-level: Affin Bank],"Joanne Rodrigues (Group CFO, 6.1yrs tenure) [SimplyWall.st]","Cheong Dang (Group Chief Risk Officer, 4.3yrs) [SimplyWall.st]","Adzamimah Adzmi (Group Chief Compliance Officer, 8yrs) [SimplyWall.st]",CEO: Wan Razly Bin Wan Ali (President and Group CEO); COO: Risham Kamaruzaman [SimplyWall.st],"Wahdania Binti Mohd Khir (Group Chief Internal Auditor, 6.2yrs) [SimplyWall.st]"
5,GLC-Linked,Agensi Jaminan Kredit Mikro (AKM),"NOT FOUND [AKM is a SKM (Suruhanjaya Koperasi Malaysia) subsidiary with limited public disclosure. No leadership page, no CISO publicly listed. Sources: web/firecrawl search — no results, conf 25]",NOT FOUND [AKM is a government microcredit guarantee agency. No public C-suite leadership data for target roles. Website and BNM registry do not list executives. conf 85],NOT FOUND [AKM is a government microcredit guarantee agency. No public C-suite leadership data for target roles. Website and BNM registry do not list executives. conf 85],NOT FOUND [AKM is a government microcredit guarantee agency. No public C-suite leadership data for target roles. Website and BNM registry do not list executives. conf 85],NOT FOUND [AKM is a government microcredit guarantee agency. No public C-suite leadership data for target roles. Website and BNM registry do not list executives. conf 85],NOT FOUND [AKM is a government microcredit guarantee agency. No public C-suite leadership data for target roles. Website and BNM registry do not list executives. conf 85],NOT FOUND [AKM is a government microcredit guarantee agency. No public C-suite leadership data for target roles. Website and BNM registry do not list executives. conf 85]
3,Development FIs,Agrobank Malaysia,"Nolan Jeffrey A/L Abdul Hai (Group CIO, CISO-equivalent) [Official: agrobank.com.my/my/home/corporate-info/senior-leadership/, conf 85]",Encik Hussien Mullar (CRO) + Encik Fairoshawal Idrus (Compliance),Encik Zulkeefli Mad Karim,Encik Hussien Mullar,Encik Fairoshawal Idrus,"Nolan Jeffrey A/L Abdul Hai (Group Chief Information Technology Officer) [Official: agrobank.com.my/home/corporate-info/senior-leadership/, conf 95]",Encik Kamarudin Samsudin
4,E-Money,Alipay+ Malaysia (Ant Group),"NOT FOUND [Alipay+ Malaysia is Ant Group's cross-border payment product, not a standalone entity. No Malaysia-specific C-suite executives. Functions handled at Ant Group/Alipay HQ level (China). conf 90]","NOT FOUND [Alipay+ Malaysia is Ant Group's cross-border payment product, not a standalone entity. No Malaysia-specific C-suite executives. Functions handled at Ant Group/Alipay HQ level (China). conf 90]","NOT FOUND [Alipay+ Malaysia is Ant Group's cross-border payment product, not a standalone entity. No Malaysia-specific C-suite executives. Functions handled at Ant Group/Alipay HQ level (China). conf 90]","NOT FOUND [Alipay+ Malaysia is Ant Group's cross-border payment product, not a standalone entity. No Malaysia-specific C-suite executives. Functions handled at Ant Group/Alipay HQ level (China). conf 90]","NOT FOUND [Alipay+ Malaysia is Ant Group's cross-border payment product, not a standalone entity. No Malaysia-specific C-suite executives. Functions handled at Ant Group/Alipay HQ level (China). conf 90]","NOT FOUND [Alipay+ Malaysia is Ant Group's cross-border payment product, not a standalone entity. No Malaysia-specific C-suite executives. Functions handled at Ant Group/Alipay HQ level (China). conf 90]","NOT FOUND [Alipay+ Malaysia is Ant Group's cross-border payment product, not a standalone entity. No Malaysia-specific C-suite executives. Functions handled at Ant Group/Alipay HQ level (China). conf 90]"
1,Licensed Banks,Alliance Bank Malaysia Berhad,William Song (Group CISO) [LinkedIn],Jacob Abraham (Group CRO + Compliance oversight) [Official: alliancebank.com.my],Ronnie Royston Fernandiz (Group Chief Financial Officer) [Official: alliancebank.com.my],Jacob Abraham (Group Chief Risk Officer) [Official: alliancebank.com.my],"Jacob Abraham (Group CRO, also oversees Group Compliance) [Official: alliancebank.com.my]",Nantha Kumar Subramanian (Group Chief Digital & Information Officer) [Official: alliancebank.com.my],Andrew Ng Yin Min (Group Chief Internal Auditor) [Official: alliancebank.com.my]
2,Investment Banks,Alliance Investment Bank Berhad,William Song (Group CISO) [Group-level: Alliance Bank],Jacob Abraham (Group CRO + Compliance oversight) [Group-level: Alliance Bank],Ronnie Royston Fernandiz (Group CFO) [Official: alliancebank.com.my],Jacob Abraham (Group Chief Risk Officer) [Official: alliancebank.com.my],"Jacob Abraham (Group CRO, also responsible for Group Compliance) [Official: alliancebank.com.my]",Nantha Kumar Subramanian (Group Chief Digital & Information Officer) [Official: alliancebank.com.my],Andrew Ng Yin Min (Group Chief Internal Auditor) [Official: alliancebank.com.my]
1,Licensed Banks,Alliance Islamic Bank Berhad,William Song (Group CISO) [Group-level: Alliance Bank],Jacob Abraham (Group CRO + Compliance oversight) [Group-level: Alliance Bank],Ronnie Royston Fernandiz (Group CFO) [Official: alliancebank.com.my],Jacob Abraham (Group Chief Risk Officer) [Official: alliancebank.com.my],"Jacob Abraham (Group CRO, also responsible for Compliance) [Official: alliancebank.com.my]",Nantha Kumar Subramanian (Group Chief Digital & Information Officer) [Official: alliancebank.com.my],Andrew Ng Yin Min (Group Chief Internal Auditor) [Official: alliancebank.com.my]
2,Insurers,Allianz General Insurance Company (Malaysia) Berhad,NOT FOUND [Confirmed Jul 31 2026: Allianz Malaysia IAR 2024 + Board of Directors page. Board member Chiang Bin Fong (Marcus) is former Chief IT Officer (2005-2020) with cybersecurity oversight. No current CISO publicly listed. CISO function likely managed at Allianz Group/regional level. conf 90],NOT FOUND [Confirmed Jul 31 2026: Board of Directors page confirms governance via Board committees. Allianz General RMC: Lim Tuang Ooi (Chair). No dedicated GRC head in management. conf 90],"Chin Xiao Wei (CFO Allianz General) [Official: Allianz Malaysia IAR 2024 p.110 via Wayback Machine, conf 95. Also confirmed by Allianz Malaysia press release Oct 2025: allianz.com.my/personal/media-hub/2025/new-penang-branch.html]","Lim Tuang Ooi (Board Risk Management Committee Chairman, Independent Non-Executive Director; former CRO at EPF 2007-2019) [Official: allianz.com.my/boards-of-directors (Jul 2026 scrape); confidence: HIGH; board-level; executive CRO not separately named. Other Allianz General RMC members: Wee Lay Hua (Ind. Director, appointed 1 Dec 2022) and Chiang Bin Fong (Marcus) (Ind. Director, appointed 1 Jul 2026)]",NOT FOUND [Confirmed Jul 31 2026: Compliance function mentioned in IAR 2024 but no named individual on public website. Board of Directors page does not list compliance head. conf 90],"David Brandl (Chief Information Technology Officer, Group) [Official: Allianz Malaysia IAR 2024 p.111 via Wayback Machine, conf 90 — upgraded from 70. Group CIO covering AMB, Allianz General, Allianz Life]","Narayana Samy Naidu Renugopal (Group Head of Internal Audit Department) [Official: Allianz Malaysia CG Report 2024 via Wayback Machine, conf 88. Group-level IA covering all AMB subsidiaries. Named in CG Report key management personnel.]"
2,Insurers,Allianz Life Insurance Malaysia Berhad,NOT FOUND [Confirmed Jul 31 2026: Board member Chiang Bin Fong was Chief IT Officer at AMB 2005-2020. No current CISO publicly listed. CISO function at Allianz Group level. conf 90],NOT FOUND [Confirmed Jul 31 2026: Board of Directors page shows governance via Board committees. Allianz Life RMC: Lim Fen Nee. No dedicated GRC head in management. conf 90],"Giulio Slavich (CFO of AMB & Allianz Life until 31 Dec 2025; promoted to CEO of Allianz Life effective 1 Jan 2026, succeeding Charles Ong who retired; new CFO TBD) [Official: allianz.com.my press release Dec 2025]",NOT FOUND [Confirmed Jul 31 2026: Allianz Life Board Risk Mgmt Committee: Lim Fen Nee and Foo Chee It. No management-level CRO named for Allianz Life specifically. Risk function shared at group level with Allianz General. conf 85],NOT FOUND [Confirmed Jul 31 2026: Compliance function mentioned in annual report but no named individual on public website. Compliance function shared at group level. conf 90],"David Brandl (Chief Information Technology Officer, Group) [Official: Allianz Malaysia IAR 2024 p.111 via Wayback Machine, conf 90 — upgraded from 70. Group CIO covering Allianz Life]","Narayana Samy Naidu Renugopal (Group Head of Internal Audit Department) [Official: Allianz Malaysia CG Report 2024 via Wayback Machine, conf 88. Group-level IA covering Allianz Life.]"
2,Takaful,Allianz Takaful Berhad,NOT FOUND [Confirmed Jul 31 2026: CISO function shared at group level. Board member Chiang Bin Fong (former Chief IT Officer) provides oversight. No dedicated CISO for Takaful entity. conf 85],NOT FOUND [Confirmed Jul 31 2026: Governance via group-level Board committees. No dedicated GRC head for Takaful entity. conf 85],"Chin Xiao Wei (CFO) [SimplyWallSt lists ""Xiao Chin"" = Chin Xiao Wei. IAR 2024 confirms CFO of Allianz General but Takaful NOT mentioned in IAR. Group CFO may cover Takaful but unconfirmed. Source: SimplyWallSt + IAR 2024 cross-ref, conf 70]",NOT FOUND [Confirmed Jul 31 2026: Risk function shared at group level. Lim Tuang Ooi chairs Risk Mgmt Committee at Allianz General board level. No dedicated CRO for Takaful entity. conf 85],NOT FOUND [Confirmed Jul 31 2026: Compliance function likely shared with Allianz Life/General. No named individual on public website. conf 85],"David Brandl (Chief Information Technology Officer, Group) [Official: Allianz Malaysia IAR 2024 p.111 via Wayback Machine, conf 80 — upgraded from 70. Group CIO likely covers Takaful but IAR 2024 does not mention Takaful]","Narayana Samy Naidu Renugopal (Group Head of Internal Audit Department) [Official: Allianz Malaysia CG Report 2024 via Wayback Machine, conf 78. Group-level IA likely covers Takaful but IAR 2024 does not mention Takaful]"
1,Licensed Banks,AmBank (M) Berhad,Malini Kanesamoorthy (CISO) [CyberSec Malaysia 2023],Shamsul Bahrom (Group CRO) + Faradina Ghouse (Group CCO) [Group-level: AmBank],Phuah Shok Cheng (Group CFO),Shamsul Bahrom Bin Mohamed Ibrahim (Group CRO),Faradina Binti Mohammad Ghouse (Group CCO),Wong Eng Teng (Group Chief Fintech & Technology Officer),Ng Ek Leong (Group Chief Internal Auditor)
4,Card Schemes,AmBank AirAsia Visa Card,"NOT FOUND [AmBank AirAsia Visa Card is a co-branded credit card product, not a standalone entity. Functions handled at AmBank and AirAsia levels. conf 95]",Shamsul Bahrom (Group CRO) + Faradina Ghouse (Group CCO) [Group-level: AmBank],"NOT FOUND [AmBank AirAsia Visa Card is a co-branded credit card product, not a standalone entity. Functions handled at AmBank and AirAsia levels. conf 95]","NOT FOUND [AmBank AirAsia Visa Card is a co-branded credit card product, not a standalone entity. Functions handled at AmBank and AirAsia levels. conf 95]","NOT FOUND [AmBank AirAsia Visa Card is a co-branded credit card product, not a standalone entity. Functions handled at AmBank and AirAsia levels. conf 95]","NOT FOUND [AmBank AirAsia Visa Card is a co-branded credit card product, not a standalone entity. Functions handled at AmBank and AirAsia levels. conf 95]","NOT FOUND [AmBank AirAsia Visa Card is a co-branded credit card product, not a standalone entity. Functions handled at AmBank and AirAsia levels. conf 95]"
1,Licensed Banks,AmBank Islamic Berhad,Malini Kanesamoorthy (CISO) [Group-level: AmBank],Shamsul Bahrom (Group CRO) + Faradina Ghouse (Group CCO) [Group-level: AmBank],Phuah Shok Cheng (Group CFO) [Group-level: AmBank],Shamsul Bahrom Bin Mohamed Ibrahim (Group CRO) [Group-level: AmBank],Faradina Binti Mohammad Ghouse (Group CCO) [Group-level: AmBank],Wong Eng Teng (Group Chief Fintech & Technology Officer) [Group-level: AmBank],Ng Ek Leong (Group Chief Internal Auditor) [Group-level: AmBank]
2,Investment Banks,AmInvestment Bank Berhad,Malini Kanesamoorthy (CISO) [Group-level: AmBank],Shamsul Bahrom Bin Mohamed Ibrahim (CRO) + Faradina Binti Mohammad Ghouse (Compliance) [Group-level composite],"Phuah Shok Cheng (Group CFO, AmBank Group) [Official: ambankgroup.com]",Shamsul Bahrom Bin Mohamed Ibrahim (Group CRO) [Official: ambankgroup.com],Faradina Binti Mohammad Ghouse (Group CCO) [Official: ambankgroup.com],Wong Eng Teng (Group Chief Fintech & Technology Officer) [Official: ambankgroup.com],Ng Ek Leong (Group Chief Internal Auditor) [Official: ambankgroup.com]
2,Insurers,AmMetLife Insurance Berhad,"Not publicly disclosed on AmMetLife management team page [Official: ammetlife.com/about-us/about-ammetlife/management-team — as of Jul 2026, conf 40]","Not publicly disclosed on AmMetLife management team page [Official: ammetlife.com/about-us/about-ammetlife/management-team — as of Jul 2026, conf 40]",Michelle Cheang (Chief Financial Officer) [Official: ammetlife.com],Low Siew Mooi (Chief Risk Officer) [Official: ammetlife.com],"Not publicly disclosed on AmMetLife management team page [Official: ammetlife.com/about-us/about-ammetlife/management-team — as of Jul 2026, conf 40]",Loh Tian Hu (Chief Information Officer) [Official: ammetlife.com],"Not publicly disclosed on AmMetLife management team page [Official: ammetlife.com/about-us/about-ammetlife/management-team — as of Jul 2026, conf 40]"
5,GLC-Linked,Amanah Saham Nasional Berhad (ASNB),"Aishah Farha Mohd Raih (CISO) [Official: ciosea.economictimes.indiatimes.com - Know Your CISO series, conf 90]",Mohd Azmir Mohd Jani (CRO) + Sahlawati Mustafa (Compliance) [Group-level composite],"Mohd Irwan Ahmad Mustafa (Group Chief Strategy and Finance Officer, PNB) [Official: pnb.com.my]","Mohd Azmir Mohd Jani (Group Chief Risk Officer, PNB) [Official: pnb.com.my]",Sahlawati Mustafa (Group Head of Compliance PNB) [Official: pnb.com.my],"Ts Izzat Aziz — Chief Technology Officer, PNB Group [Official: PNB Integrated Report 2024, pnb.com.my/en/leadership-en] | conf 90 | ASNB is ""Managed by PNB""; no separate ASNB CIO/CTO. Ts Izzat Aziz won PIKOM CIO of the Year Award for AI Adoption. Inherited from PNB Group.",Noramly Bachok (Group Head Internal Audit PNB) [Official: pnb.com.my]
4,E-Money,Axiata Digital Services Sdn Bhd (Boost),Shankar Krishnan|Chief Information Security Officer|85|https://my.linkedin.com/in/shankyk|CISO Axiata Digital group/Boost [LinkedIn + theorg.com confirmed. Also CTO at Boost Bank],"Abid Abdul Adam (Group Chief Risk and Compliance Officer, Axiata Group) [Official: axiata.com/about-us/our-people, conf 85 - GRC inherited from Axiata Group parent]","Komathi Balakrishnan (Acting Group CFO, Axiata Group) [Official: axiata.com/about-us/our-people, conf 90 - inherited from Axiata Group parent]","Abid Abdul Adam (Group Chief Risk and Compliance Officer, Axiata Group) [Official: axiata.com/about-us/our-people, conf 90 - inherited from Axiata Group parent]","Abid Abdul Adam (Group Chief Risk and Compliance Officer, Axiata Group) [Official: axiata.com/about-us/our-people, conf 90 - inherited from Axiata Group parent]","Thomas Hundt (Group Chief Business and Technology Officer, Axiata Group) [Official: axiata.com/about-us/our-people, conf 90 - inherited from Axiata Group parent]",Miraz Ahmed|Head of Internal Audit|80|https://my.linkedin.com/in/miraz-ahmed-76b20219|Head of Internal Audit at Boost Holding Sdn Bhd [LinkedIn confirmed. ~20 years telco/tower infrastructure audit experience in Bangladesh & Malaysia]
2,Investment Banks,BIMB Investment Bank Berhad,"Anthony Tai (Group CISO, Bank Islam) [Official: bankislam.com]","Nik Azmir Nik Anis (Group CCO + GRC Officer, Bank Islam) [Official: bankislam.com]","Siti Nur Huda Sufian (Group CFO, Bank Islam) [Official: bankislam.com]",Alina Sylvia Appoo (Group CRO) [Group-level: Bank Islam],"Nik Azmir Nik Anis (Group CCO, Bank Islam) [Official: bankislam.com]",Zulkanain Kassim (CITO) [Group-level: Bank Islam],"Zalfitri Abd Mutalip (Group Chief Internal Auditor, Bank Islam) [Official: bankislam.com]"
1,Licensed Banks,BNP Paribas Malaysia Berhad,"NOT FOUND [Confirmed Aug 2026 via BNP Paribas MY CG Statement FY2025 (23pp) + Audited Financial Statements FY2025 (161pp) + Pillar 3 Disclosures Dec 2025 (48pp) from bnpparibas.com.my + apac.bnpparibas/en/malaysia/. CEO: Anthony Lo Chiang Loong (ED/CEO, appointed 1 Oct 2024). ED: Chan Mui Pin / Mrs. Lau Mui Pin (former COO/Compliance APAC at BNP Paribas Singapore). Board: Dato' Mohamed Khadar bin Merican (Chairman/INED), Faisal bin Ismail (INED), Khoo Lian Kim (INED), Chan Mui Pin (ED), Anthony Lo (ED/CEO). CG statement mentions ""COO"", ""CCO"", ""CRO"", ""Chief Sustainability Officer"" by TITLE ONLY, no names. IT governance: IT Steering Committee + Technology Risk Management Committee + IT/Cyber Security framework exist, but no CISO or CIO named.]","CEO: Anthony Lo Chiang Loong (Executive Director, CEO & Head of Territory, appointed 1 Oct 2024) [Official: BNP Paribas CG Statement FY2024, conf 95]; Chairman: Dato' Mohamed Khadar bin Merican (Ind. Non-Exec Director, Chairman, appointed 1 Mar 2021) [conf 95]","Kevin Wong (CFO) [LinkedIn/ZoomInfo, conf 65]","Khoo Lian Kim (BRMC Chairman, former CRO RHB Banking Group) [CG Statement FY2024, conf 85]","Chan Mui Pin / Mrs. Lau Mui Pin (Exec Director, former Head of Compliance BNP Paribas Singapore & SEA) [CG Statement FY2024, conf 80]","NOT FOUND [Confirmed Aug 2026 via BNP Paribas MY CG Statement FY2025 (23pp) + Audited Financial Statements FY2025 (161pp) + Pillar 3 Disclosures Dec 2025 (48pp) from bnpparibas.com.my + apac.bnpparibas/en/malaysia/. CEO: Anthony Lo Chiang Loong (ED/CEO, appointed 1 Oct 2024). ED: Chan Mui Pin / Mrs. Lau Mui Pin (former COO/Compliance APAC at BNP Paribas Singapore). Board: Dato' Mohamed Khadar bin Merican (Chairman/INED), Faisal bin Ismail (INED), Khoo Lian Kim (INED), Chan Mui Pin (ED), Anthony Lo (ED/CEO). CG statement mentions ""COO"", ""CCO"", ""CRO"", ""Chief Sustainability Officer"" by TITLE ONLY, no names. IT governance: IT Steering Committee + Technology Risk Management Committee + IT/Cyber Security framework exist, but no CISO or CIO named.]","Faisal bin Ismail (Audit Committee Chairman, Ind. Non-Exec Director) [CG Statement FY2024, conf 85]"
1,Licensed Banks,Bank Islam Malaysia Berhad,Anthony Tai (Group Chief Information Security Officer) [Official: bankislam.com],Nik Azmir Nik Anis (Group Chief Compliance Officer and Group Chief Integrity and Governance Officer) [Official: bankislam.com],Siti Nur Huda Sufian (Group Chief Financial Officer) [Official: bankislam.com],Alina Sylvia Appoo (Group CRO) [Bloomberg],Nik Azmir Nik Anis (Group Chief Compliance Officer) [Official: bankislam.com],Zulkanain Kassim (CITO) [LinkedIn],Zalfitri Abd Mutalip (Group Chief Internal Auditor) [Official: bankislam.com]
2,Investment Banks,Bank Rakyat Investment Bank Berhad,"Syed Azlan (Chief Information Security Officer) [ZoomInfo professional database, conf 60 - group-level CISO at Bank Rakyat Malaysia covers subsidiary BRIB. Cross-ref: LinkedIn employee reports to CISO at Bank Kerjasama Rakyat Malaysia Berhad. Not on public Management Committee page (bankrakyat.com.my/portal-main/leaders/management-committee) which lists 8 SMT members excluding CISO. Verified Jul 2026.]","Fuhaizad Asmar Omar (Senior Manager Audit, Compliance & Governance) [Official: rmanagement.com.my/en/leadership - combined GRC+Audit+Compliance role at subsidiary level. Conf 80]",Nor Haimee Zakaria (Chief Finance Officer) [Group-level: Bank Rakyat],Azni Azaddin (Group Chief Risk Officer) [Group-level: Bank Rakyat],Jufree Soaidin (Group Chief Compliance Officer) [Group-level: Bank Rakyat],"Ismat Nazarul Mat Isa (Senior Manager Finance & IT) [Official: rmanagement.com.my/en/leadership, conf 82 - note: subsidiary-level, combined Finance & IT role]","Fuhaizad Asmar Omar (Senior Manager Audit, Compliance & Governance) [Official: rmanagement.com.my/en/leadership, conf 85 - note: subsidiary-level, combined Audit+Compliance+Governance role]"
3,Development FIs,Bank Rakyat Malaysia,"Ts. Tahrizi Tahreb (Cybersecurity Professional) [LinkedIn: my.linkedin.com/in/ts-tahrizi-tahreb, conf 40 - title not explicitly CISO]",Azni Azaddin (CRO) + Jufree Soaidin (Compliance) [Composite],Nor Haimee Zakaria (Chief Finance Officer) [Official: bankrakyat.com.my],Azni Azaddin (Group Chief Risk Officer) [Official: bankrakyat.com.my],Jufree Soaidin (Group Chief Compliance Officer) [Official: bankrakyat.com.my],Zulkanain Kassim (Chief Information Technology Officer) [LinkedIn/TheOfficialBoard],"Not publicly disclosed on Bank Rakyat management committee page. 8 management committee members listed; no Head of Internal Audit role. [Official: bankrakyat.com.my/portal-main/leaders/management-committee, conf 95]"
3,Development FIs,Bank Simpanan Nasional (BSN),"NOT FOUND [Confirmed Aug 2026: bsn.com.my only publishes Board of Directors (Chairman Dato Seri Dr Awang Adek Hussin + 6 directors). No senior management page found (/page/senior-leadership=404, /page/corporate-info=404). C-suite not publicly listed.]",Muizz Aiman Farid (CRO) + Sujit Guha Thakurta (Compliance) [Composite],Norhafizah Md Shariff (Chief Financial Officer) [Official: bsn.com.my],Muizz Aiman Farid (SVP / Chief Risk Officer) [Official: bsn.com.my],Sujit Guha Thakurta (SVP / Chief Compliance Officer) [Official: bsn.com.my],Asrul Kamaruddin (Chief Information Officer) [TheOrg - unverified],"NOT FOUND [Confirmed Aug 2026: bsn.com.my only publishes Board of Directors (Chairman Dato Seri Dr Awang Adek Hussin + 6 directors). No senior management page found (/page/senior-leadership=404, /page/corporate-info=404). C-suite not publicly listed.]"
1,Licensed Banks,Bank of China (Malaysia) Berhad,Willy Neo,Anysia Yeung (CRO) + Ker Yong (Compliance) [Group-level composite],Datuk Alvin Tay (DCEO/acting CFO),Anysia Yeung,Ker Yong (Director - Head of Legal and Compliance),"K.W.C. (Senior VP, Head of IT) [LeadIQ, MEDIUM-65]",Chen Thien Yin (Board Audit Committee Chair)
3,Development FIs,Bank Pembangunan Malaysia Berhad (BPMB),"Hairil Izwar Abd Rahman (Group Chief Digital & Technology Officer, CISO-equivalent) [Official: bpmb.com.my/about-us/leadership/, conf 80]",Mohammad Azam Ahmad (Group CRO) + Rohayati Talha (Group CCO) [Composite] [Official: bpmb.com.my],Hee Wei Jean (Group CFO) [Official: bpmb.com.my],Mohammad Azam Ahmad (Group CRO) [Official: bpmb.com.my],Rohayati Talha (Group CCO) [Official: bpmb.com.my],Hairil Izwar Abd Rahman (Group Chief Digital & Technology Officer) [Official: bpmb.com.my],Hasrul Farid Hasnan (Group Chief Internal Auditor) [Official: bpmb.com.my]
2,Insurers,Berjaya Sompo Insurance Berhad,"Mohamad Azman bin Soaed (Senior Manager - Information Security) [Malaysian Insurance Directory 2025/2026, conf 70]","Tricia Mallika Appaduray (Chief Compliance and Legal Officer - GRC-equivalent) [Official: berjayasompo.com.my/leadership-team, conf 75 - GRC-equivalent, same person as Head of Compliance]","Rina Aprila Afianty (Chief Financial Officer) [Official: berjayasompo.com.my/leadership-team, conf 95]","Samson Liew Zyun Fung (Head of Risk Management) [Malaysian Insurance Directory 2025/2026, conf 90]","Tricia Mallika Appaduray (Chief Compliance and Legal Officer) [Official: berjayasompo.com.my/leadership-team, conf 95]",Not publicly disclosed on official leadership page,"Kesavan Raj A/L Krishnan (Head of Internal Audit) [Malaysian Insurance Directory 2025/2026, conf 90]"
4,E-Money,BigPay (Capital A),,,Mun Hui Teh,,,,
3,MSBs,BigPay Malaysia Sdn Bhd,"Angus Thorn|Group Chief Information Security Officer|65|https://theorg.com/org/bigpay/teams/leadership-team|BigPay Group CISO [TheOrg crowd-sourced org chart, Unverified. BigPay = Capital A (formerly AirAsia) fintech subsidiary, BNM-licensed e-money issuer.]","Ryan Vinoth|Head of Credit Risk (GRC equivalent)|55|https://theorg.com/org/bigpay/teams/finance-and-compliance-team [TheOrg, unverified]","Nicholas Chua|Chief Financial Officer|65|https://theorg.com/org/bigpay/teams/leadership-team|BigPay-specific CFO [TheOrg crowd-sourced org chart, Unverified]. Previous entry: Mun Hui Teh (CFO, Capital A Berhad parent, conf 80, capitala.com). BigPay has its own CFO distinct from parent Capital A CFO.","Ryan Vinoth|Head of Credit Risk|55|https://theorg.com/org/bigpay/teams/finance-and-compliance-team [TheOrg: Finance & Compliance Team, unverified]","Divya Das|Head Of Compliance|65|https://theorg.com/org/bigpay/teams/finance-and-compliance-team|BigPay Head of Compliance (CAMS, ICA RC Dip) [TheOrg crowd-sourced org chart, Unverified]. Divya Das listed as 'Head Of Compliance - Bigpay (airasia Group Company)' on TheOrg Finance & Compliance Team page.","Siddharth (Sid) R.|Group Chief Technology Officer|65|https://theorg.com/org/bigpay/teams/leadership-team|BigPay Group CTO [TheOrg crowd-sourced org chart, Unverified]. CTO function covers CIO/technology leadership at this fintech.","NOT FOUND [BigPay does not publicly disclose a Head of Internal Audit. TheOrg org chart (6 teams, 49 people) lists no IA function. IA may be handled at Capital A group level. conf 65]"
3,MSBs,Billplz Sdn Bhd,"NOT FOUND [Malaysian payment gateway (Shah Alam, part of Billplz Qapital Berhad). CEO/Founder: Nazroof Hakim (Crunchbase + LinkedIn my.linkedin.com/in/nazroof, conf 95, non-target). billplz.com has no leadership page. ~34 employees per LinkedIn. RocketReach (blocked) mentioned Vinod Varma (Compliance Manager) + Nik Faudzi (Accounts) - UNVERIFIED. 0/7 target roles publicly disclosed.]","NOT FOUND [Billplz: 11-50 employees, Shah Alam. LinkedIn key employees: Arzumy MD (likely CEO/founder), Azril Azmi, Muhammad Fariduddin Fauzi, Nazroof Hakim - role titles unconfirmed. Source: linkedin.com/company/billplz/]","NOT FOUND [Billplz: 11-50 employees, Shah Alam. LinkedIn key employees: Arzumy MD (likely CEO/founder), Azril Azmi, Muhammad Fariduddin Fauzi, Nazroof Hakim - role titles unconfirmed. Source: linkedin.com/company/billplz/]","NOT FOUND [Billplz: 11-50 employees, Shah Alam. LinkedIn key employees: Arzumy MD (likely CEO/founder), Azril Azmi, Muhammad Fariduddin Fauzi, Nazroof Hakim - role titles unconfirmed. Source: linkedin.com/company/billplz/]","NOT FOUND [Billplz: 11-50 employees, Shah Alam. LinkedIn key employees: Arzumy MD (likely CEO/founder), Azril Azmi, Muhammad Fariduddin Fauzi, Nazroof Hakim - role titles unconfirmed. Source: linkedin.com/company/billplz/]","NOT FOUND [Billplz: 11-50 employees, Shah Alam. LinkedIn key employees: Arzumy MD (likely CEO/founder), Azril Azmi, Muhammad Fariduddin Fauzi, Nazroof Hakim - role titles unconfirmed. Source: linkedin.com/company/billplz/]","NOT FOUND [Billplz: 11-50 employees, Shah Alam. LinkedIn key employees: Arzumy MD (likely CEO/founder), Azril Azmi, Muhammad Fariduddin Fauzi, Nazroof Hakim - role titles unconfirmed. Source: linkedin.com/company/billplz/]"
4,E-Money,Boost (Axiata + RHB),Shankar Krishnan,Abid Abdul Adam,Steven Lim,Puteri Syurga,Dr Mohanamerry Vedamanikam,Shankar Krishnan,Miraz Ahmed
6,Fintech Sandbox,Boost Bank Berhad,"Shankar Krishnan|Chief Technology Officer / CISO|85|https://my.linkedin.com/in/shankyk|Boost Bank CTO who also holds CISO role [LinkedIn profile confirms ""CTO | CISO"" title; official leadership page myboostbank.co confirms CTO position — CISO function combined with CTO role at digital bank]","Abid Abdul Adam (Group Chief Risk and Compliance Officer, Axiata Group) [Official: axiata.com/about-us/our-people, conf 85 - GRC inherited from Axiata Group parent] [INHERITED from Axiata Digital Services - parent]",Steven Lim|Chief Financial Officer|95|https://myboostbank.co/our-leadership-boost-bank|Boost Bank CFO,Puteri Syurga|Chief Risk Officer|95|https://myboostbank.co/our-leadership-boost-bank|Boost Bank CRO,Dr Mohanamerry Vedamanikam|Chief Compliance Officer|95|https://myboostbank.co/our-leadership-boost-bank|Boost Bank Chief Compliance Officer,Shankar Krishnan|Chief Technology Officer|95|https://myboostbank.co/our-leadership-boost-bank|Boost Bank CTO (maps to CIO/CTO role),Miraz Ahmed|Head of Internal Audit|80|https://my.linkedin.com/in/miraz-ahmed-76b20219|Head of Internal Audit at Boost Holding Sdn Bhd [LinkedIn confirmed. ~20 years telco/tower infrastructure audit experience in Bangladesh & Malaysia]
5,GLC-Linked,CIMB (Khazanah-linked),"Charles J. Samuel (Group CISO / Technology Risk Management) [ASIFMA: asifma.org/speakers/charles-j-samuel/; joined CIMB Jan 2019; 25yr Citigroup APAC, conf 90]",Vera Handajani (CRO) + Kwan Keen Yew (Compliance) [Group-level: CIMB],"Khairul Rifaie (Group Chief Financial and Strategy Officer, 7.5yrs tenure) [SimplyWall.st + Official: cimb.com]",Vera Handajani (Group CRO) [Group-level: CIMB],Kwan Keen Yew (Group Chief Legal and Compliance Officer) [Group-level: CIMB],"Ros Aziah Mohd Yusoff (Group Chief Technology and Data Officer, 5.9yrs tenure) [SimplyWall.st + Official: cimb.com]","Amran Mohamad (Group Chief Internal Auditor, 7.7yrs tenure) [SimplyWall.st]"
1,Licensed Banks,CIMB Bank Berhad,Charles Samuel (Group CISO),Kwan Keen Yew (Group Chief Integrity & Governance Officer),Khairul Rifaie (Group Chief Financial & Strategy Officer),Vera Handajani (Group CRO),Kwan Keen Yew (Group Chief Legal & Compliance Officer),Ros Aziah Mohd Yusoff (Group CTO),Amran Mohamad (Group Chief Internal Auditor)
2,Investment Banks,CIMB Investment Bank Berhad,Charles Samuel (Group CISO) [Group-level: CIMB],Kwan Keen Yew (Group Chief Integrity & Governance Officer) [Official: cimb.com],Khairul Rifaie (Group CFO & Strategy Officer) [Official: cimb.com],Vera Handajani (Group CRO) [Official: cimb.com],Kwan Keen Yew (Group Chief Legal & Compliance Officer) [Official: cimb.com],Ros Aziah Mohd Yusoff (Group CTO) [Official: cimb.com],Amran Mohamad (Group Chief Internal Auditor) [Group-level: CIMB]
1,Licensed Banks,CIMB Islamic Bank Berhad,Charles Samuel (Group CISO) [Group-level: CIMB Bank],Kwan Keen Yew (Group Chief Integrity & Governance Officer) [Group-level: CIMB Bank],Khairul Rifaie (Group Chief Financial & Strategy Officer) [Group-level: CIMB Bank],Vera Handajani (Group CRO) [Group-level: CIMB Bank],Kwan Keen Yew (Group Chief Legal & Compliance Officer) [Group-level: CIMB Bank],Ros Aziah Mohd Yusoff (Group CTO) [group-level: CIMB Bank],Amran Mohamad (Group Chief Internal Auditor) [Group-level: CIMB Bank]
4,E-Money,CIMB OctoPay (CIMB Bank),Charles Samuel (Group CISO) [INHERITED from CIMB Bank Berhad - product brand governance],Kwan Keen Yew (Group Chief Integrity & Governance Officer) [INHERITED from CIMB Bank Berhad - product brand governance],Khairul Rifaie (Group Chief Financial & Strategy Officer) [INHERITED from CIMB Bank Berhad - product brand governance],Vera Handajani (Group CRO) [INHERITED from CIMB Bank Berhad - product brand governance],Kwan Keen Yew (Group Chief Legal & Compliance Officer) [INHERITED from CIMB Bank Berhad - product brand governance],Ros Aziah Mohd Yusoff (Group CTO) [INHERITED from CIMB Bank Berhad - product brand governance],Amran Mohamad (Group Chief Internal Auditor) [INHERITED from CIMB Bank Berhad - product brand governance]
4,Card Schemes,CIMB Petronas Visa Card,Charles Samuel (Group CISO) [INHERITED from CIMB Bank Berhad - product brand governance],Kwan Keen Yew (Group Chief Integrity & Governance Officer) [INHERITED from CIMB Bank Berhad - product brand governance],Khairul Rifaie (Group Chief Financial & Strategy Officer) [INHERITED from CIMB Bank Berhad - product brand governance],Vera Handajani (Group CRO) [INHERITED from CIMB Bank Berhad - product brand governance],Kwan Keen Yew (Group Chief Legal & Compliance Officer) [INHERITED from CIMB Bank Berhad - product brand governance],Ros Aziah Mohd Yusoff (Group CTO) [INHERITED from CIMB Bank Berhad - product brand governance],Amran Mohamad (Group Chief Internal Auditor) [INHERITED from CIMB Bank Berhad - product brand governance]
2,Insurers,Chubb Insurance Malaysia Berhad,"Balaguru Devan Santana Dewan (Chief Information Security Officer) [LinkedIn: my.linkedin.com/in/balaguru-devan-santana-dewan-630979a, conf 90. LinkedIn profile explicitly states CISO at Chubb Malaysia since Oct 2024, based in Selangor, Malaysia. Defines and executes cybersecurity strategy for Chubb Malaysia.]",Dato' Mohzani Bin Abdul Wahab (Director) [Official: chubb.com/my-en conf 85],Olivier Bouchard (Executive Director CFO Asia Pacific) [Official: chubb.com/my-en],"Ng Khai Yan (Chief Risk Officer) [Malaysian Insurance Directory 2025/2026, conf 90]","Not publicly disclosed. Chubb Malaysia website (chubb.com/my-en/) does not have a leadership page - all /about-us/ URLs return 404. Public information disclosure page does not list compliance officers. [Official: chubb.com/my-en/ - leadership page not available, conf 90]",Kenny W. K. Tan (Chief Operating Officer) [LinkedIn: my.linkedin.com/in/kennytwk],"Chong Keh Bin (Head of Internal Audit) [Malaysian Insurance Directory 2025/2026, conf 90]"
1,Licensed Banks,Citibank Berhad,"NOT FOUND [Confirmed Aug 2026: citibank.com.my domain does not resolve. citigroup.com/global/about-us/malaysia returns 404. citi.com/about/citi/in-the-community/citi-malaysia.html scraped — generic description, no leadership listed. Citi Malaysia consumer banking acquired by UOB Group in 2022. Remaining institutional banking entity (Citibank Berhad) has no publicly accessible leadership page. CEO Vikram Singh confirmed (effective 1 May 2023, from 2024 Annual Report). Neither CISO nor Head of Compliance publicly listed.]","CEO: Vikram Singh (CEO Citi Malaysia, effective 1 May 2023) [Official: 2024 Citibank Berhad Annual Report - citigroup.com]; Chairman: Mark Fordyce Hart (INED, 41-year Citi career, former CFO of Citi Asia Pacific); Board: Abhijit Dattanand Kumta (O&T Exec Dir, former O&T Head Citibank Berhad 2011-2013), Philip Tan Puay Koon (INED, former CFO), Norazilla binti Md Tahir (INED, Audit Committee Chair)",Tan Alyse (Chief Financial Officer/Controller) [LinkedIn: my.linkedin.com/in/tan-alyse-2658791a0],Mark Fordyce Hart (Chairman Risk Mgmt Cmte) [Official: citigroup.com board PDF conf 80],"NOT FOUND [Confirmed Aug 2026: citibank.com.my domain does not resolve. citigroup.com/global/about-us/malaysia returns 404. citi.com/about/citi/in-the-community/citi-malaysia.html scraped — generic description, no leadership listed. Citi Malaysia consumer banking acquired by UOB Group in 2022. Remaining institutional banking entity (Citibank Berhad) has no publicly accessible leadership page. CEO Vikram Singh confirmed (effective 1 May 2023, from 2024 Annual Report). Neither CISO nor Head of Compliance publicly listed.]","Abhijit Dattanand Kumta (Executive Director; MD Singapore O&T, Citi Solution Center Head ASEAN) [Official: citigroup.com board PDF, conf 85]",Puan Norazilla binti Md Tahir (Audit Cmte Chair former CFO Cagamas) [Official: citigroup.com board PDF conf 85]
5,GLC-Linked,Cradle Fund Sdn Bhd,"NOT FOUND [Confirmed via official cradle.com.my/our-leaders/ (5 leaders: Group CEO Norman Matthieu Vanhaecke, SVP Group Operations Juliana Jan, SVP Group Innovation Advisory Harmender Singh, SVP Group Strategy Johnathan Lee, VP Group Corporate Services Azreen Nordin). Govt venture fund under MOSTI - no dedicated CISO role. IT/security handled at MOSTI group level or outsourced.]","NOT FOUND [Confirmed via official cradle.com.my/our-leaders/ (5 leaders: Group CEO Norman Matthieu Vanhaecke, SVP Group Operations Juliana Jan, SVP Group Innovation Advisory Harmender Singh, SVP Group Strategy Johnathan Lee, VP Group Corporate Services Azreen Nordin). Govt venture fund under MOSTI - no dedicated GRC role. Governance via MOSTI oversight.]","NOT FOUND [Confirmed via official cradle.com.my/our-leaders/ (5 leaders: Group CEO Norman Matthieu Vanhaecke, SVP Group Operations Juliana Jan, SVP Group Innovation Advisory Harmender Singh, SVP Group Strategy Johnathan Lee, VP Group Corporate Services Azreen Nordin). Govt venture fund under MOSTI - no dedicated CFO role. Finance managed by VP Group Corporate Services (Azreen Nordin).]","NOT FOUND [Confirmed via official cradle.com.my/our-leaders/ (5 leaders: Group CEO Norman Matthieu Vanhaecke, SVP Group Operations Juliana Jan, SVP Group Innovation Advisory Harmender Singh, SVP Group Strategy Johnathan Lee, VP Group Corporate Services Azreen Nordin). Govt venture fund under MOSTI - no dedicated CRO role. Risk managed at Group CEO level.]","NOT FOUND [Confirmed via official cradle.com.my/our-leaders/ (5 leaders: Group CEO Norman Matthieu Vanhaecke, SVP Group Operations Juliana Jan, SVP Group Innovation Advisory Harmender Singh, SVP Group Strategy Johnathan Lee, VP Group Corporate Services Azreen Nordin). Govt venture fund under MOSTI - no dedicated Compliance role. Compliance via MOSTI guidelines.]","NOT FOUND [Confirmed via official cradle.com.my/our-leaders/ (5 leaders: Group CEO Norman Matthieu Vanhaecke, SVP Group Operations Juliana Jan, SVP Group Innovation Advisory Harmender Singh, SVP Group Strategy Johnathan Lee, VP Group Corporate Services Azreen Nordin). Govt venture fund under MOSTI - no dedicated CIO role. IT managed by Group Operations.]","NOT FOUND [Confirmed via official cradle.com.my/our-leaders/ (5 leaders: Group CEO Norman Matthieu Vanhaecke, SVP Group Operations Juliana Jan, SVP Group Innovation Advisory Harmender Singh, SVP Group Strategy Johnathan Lee, VP Group Corporate Services Azreen Nordin). Govt venture fund under MOSTI - no dedicated Internal Audit role. Internal audit likely handled by MOSTI or external auditor.]"
1,Licensed Banks,Credit Suisse (Malaysia) Berhad,ENTITY NON-EXISTENT [Credit Suisse acquired by UBS; parent banks merged 31 May 2024. Entity absorbed/restructured into UBS Malaysia. CISO role no longer exists independently. Verified Jul 2026.],"ENTITY NON-EXISTENT [Credit Suisse acquired by UBS; parent banks merged 31 May 2024. Entity absorbed/restructured into UBS Malaysia. No legacy entity leadership publicly listed. Source: ubs.com press release, conf 85]","ENTITY NON-EXISTENT [Credit Suisse acquired by UBS; parent banks merged 31 May 2024. Entity absorbed/restructured into UBS Malaysia. No legacy entity leadership publicly listed. Source: ubs.com press release, conf 85]","ENTITY NON-EXISTENT [Credit Suisse acquired by UBS; parent banks merged 31 May 2024. Entity absorbed/restructured into UBS Malaysia. No legacy entity leadership publicly listed. Source: ubs.com press release, conf 85]","ENTITY NON-EXISTENT [Credit Suisse acquired by UBS; parent banks merged 31 May 2024. Entity absorbed/restructured into UBS Malaysia. No legacy entity leadership publicly listed. Source: ubs.com press release, conf 85]","ENTITY NON-EXISTENT [Credit Suisse acquired by UBS; parent banks merged 31 May 2024. Entity absorbed/restructured into UBS Malaysia. No legacy entity leadership publicly listed. Source: ubs.com press release, conf 85]","ENTITY NON-EXISTENT [Credit Suisse acquired by UBS; parent banks merged 31 May 2024. Entity absorbed/restructured into UBS Malaysia. No legacy entity leadership publicly listed. Source: ubs.com press release, conf 85]"
3,MSBs,CurrencyFair (Malaysia) Sdn Bhd,"NOT FOUND [Parent: CurrencyFair (Irish). CEO Brett Meyers (Wikipedia, conf 85, non-target). currencyfair.com has no leadership names. No Malaysia office listed. 0/7 target roles.]",NOT FOUND [CurrencyFair Malaysia is a subsidiary of CurrencyFair (Ireland). No Malaysia-specific C-suite. Functions handled at CurrencyFair HQ level (Ireland). conf 90],NOT FOUND [CurrencyFair Malaysia is a subsidiary of CurrencyFair (Ireland). No Malaysia-specific C-suite. Functions handled at CurrencyFair HQ level (Ireland). conf 90],NOT FOUND [CurrencyFair Malaysia is a subsidiary of CurrencyFair (Ireland). No Malaysia-specific C-suite. Functions handled at CurrencyFair HQ level (Ireland). conf 90],NOT FOUND [CurrencyFair Malaysia is a subsidiary of CurrencyFair (Ireland). No Malaysia-specific C-suite. Functions handled at CurrencyFair HQ level (Ireland). conf 90],NOT FOUND [CurrencyFair Malaysia is a subsidiary of CurrencyFair (Ireland). No Malaysia-specific C-suite. Functions handled at CurrencyFair HQ level (Ireland). conf 90],NOT FOUND [CurrencyFair Malaysia is a subsidiary of CurrencyFair (Ireland). No Malaysia-specific C-suite. Functions handled at CurrencyFair HQ level (Ireland). conf 90]
1,Licensed Banks,Deutsche Bank (Malaysia) Berhad,"Jeng Yean Won (CISO Malaysia, Thailand & Vietnam) [LinkedIn: my.linkedin.com/in/jengyeanwon, conf 65]","NOT FOUND [Confirmed Aug 2026 via Deutsche Bank MY Full Year Financials 2025 (174pp PDF) + Pillar 3 Disclosure 2025 (69pp PDF) from country.db.com/malaysia. CEO: Dato' Yusof Annuar bin Yaacob (ED). Board: Datin Wan Daneena Liza binti Wan Abdul Rahman (Chairperson), Dato' Yusof Annuar (ED), Chong Kin Leong (ID), Tunku Zain Al-Abidin Ibni Tuanku Muhriz (ID), Christiaan Johannes Bezuidenhout (NID). CFO: Liew Yeh Yin (Officer primarily responsible for financial management, FY2025). CRO: Surabhi Agarwal (confirmed). CISO: Jeng Yean Won (confirmed). Annual report mentions ""Head of Compliance"" and ""Chief Internal Auditor – Malaysia"" by TITLE ONLY, no names. UNVERIFIED LEAD: Jenice Tan (possibly ""Head of Compliance and Anti-Financial Crime"", LinkedIn snippet my.linkedin.com/in/jenice-tan-467071207, conf 40 — could not verify).]","Liew Yeh Yin (Officer primarily responsible for the financial management of Deutsche Bank (Malaysia) Berhad) [Official: Deutsche Bank Malaysia FY2025 Audited Financial Statements Statutory Declaration (page 50): ""I, Liew Yeh Yin, being the Officer primarily responsible for the financial management of Deutsche Bank (Malaysia) Berhad""; also confirmed FY2024 FS page 48; deutschehelix.db.com/malaysia, conf 95]","Surabhi Agarwal (Chief Risk Officer) [LinkedIn, conf 65]","NOT FOUND [Confirmed Aug 2026 via Deutsche Bank MY Full Year Financials 2025 (174pp PDF) + Pillar 3 Disclosure 2025 (69pp PDF) from country.db.com/malaysia. CEO: Dato' Yusof Annuar bin Yaacob (ED). Board: Datin Wan Daneena Liza binti Wan Abdul Rahman (Chairperson), Dato' Yusof Annuar (ED), Chong Kin Leong (ID), Tunku Zain Al-Abidin Ibni Tuanku Muhriz (ID), Christiaan Johannes Bezuidenhout (NID). CFO: Liew Yeh Yin (Officer primarily responsible for financial management, FY2025). CRO: Surabhi Agarwal (confirmed). CISO: Jeng Yean Won (confirmed). Annual report mentions ""Head of Compliance"" and ""Chief Internal Auditor – Malaysia"" by TITLE ONLY, no names. UNVERIFIED LEAD: Jenice Tan (possibly ""Head of Compliance and Anti-Financial Crime"", LinkedIn snippet my.linkedin.com/in/jenice-tan-467071207, conf 40 — could not verify).] UNVERIFIED LEAD: Jenice Tan (LinkedIn snippet, conf 40, unverified).","NOT FOUND [Confirmed Aug 2026 via Deutsche Bank MY Full Year Financials 2025 (174pp PDF) + Pillar 3 Disclosure 2025 (69pp PDF) from country.db.com/malaysia. CEO: Dato' Yusof Annuar bin Yaacob (ED). Board: Datin Wan Daneena Liza binti Wan Abdul Rahman (Chairperson), Dato' Yusof Annuar (ED), Chong Kin Leong (ID), Tunku Zain Al-Abidin Ibni Tuanku Muhriz (ID), Christiaan Johannes Bezuidenhout (NID). CFO: Liew Yeh Yin (Officer primarily responsible for financial management, FY2025). CRO: Surabhi Agarwal (confirmed). CISO: Jeng Yean Won (confirmed). Annual report mentions ""Head of Compliance"" and ""Chief Internal Auditor – Malaysia"" by TITLE ONLY, no names. UNVERIFIED LEAD: Jenice Tan (possibly ""Head of Compliance and Anti-Financial Crime"", LinkedIn snippet my.linkedin.com/in/jenice-tan-467071207, conf 40 — could not verify).]","NOT FOUND [Confirmed Aug 2026 via Deutsche Bank MY Full Year Financials 2025 (174pp PDF) + Pillar 3 Disclosure 2025 (69pp PDF) from country.db.com/malaysia. CEO: Dato' Yusof Annuar bin Yaacob (ED). Board: Datin Wan Daneena Liza binti Wan Abdul Rahman (Chairperson), Dato' Yusof Annuar (ED), Chong Kin Leong (ID), Tunku Zain Al-Abidin Ibni Tuanku Muhriz (ID), Christiaan Johannes Bezuidenhout (NID). CFO: Liew Yeh Yin (Officer primarily responsible for financial management, FY2025). CRO: Surabhi Agarwal (confirmed). CISO: Jeng Yean Won (confirmed). Annual report mentions ""Head of Compliance"" and ""Chief Internal Auditor – Malaysia"" by TITLE ONLY, no names. UNVERIFIED LEAD: Jenice Tan (possibly ""Head of Compliance and Anti-Financial Crime"", LinkedIn snippet my.linkedin.com/in/jenice-tan-467071207, conf 40 — could not verify).]"
4,Payment Operators,DuitNow (by PayNet),"Meling Mudin (Chief Information Security Officer, PayNet group) [Inherited from PayNet parent per v5.5 leadership-inheritance precedent. Source: Star Cybersecurity Summit 2025 speaker page + LinkedIn + ZoomInfo; conf 95]","Not publicly disclosed on PayNet leadership page [Official: paynet.my/about-us/corporate-profile/leadership.html — as of Jul 2026, conf 40]","Tan Wei Tze (Chief Financial Officer, PayNet) [PayNet leadership - DuitNow is a PayNet product, inherited, conf 85]","Not publicly disclosed on PayNet leadership page [Official: paynet.my/about-us/corporate-profile/leadership.html — as of Jul 2026, conf 40]","Not publicly disclosed on PayNet leadership page [Official: paynet.my/about-us/corporate-profile/leadership.html — as of Jul 2026, conf 40]","Teh Lip Guan (Chief Technology Officer, PayNet) [PayNet leadership - DuitNow is a PayNet product, inherited, conf 85]","Not publicly disclosed on PayNet leadership page [Official: paynet.my/about-us/corporate-profile/leadership.html — as of Jul 2026, conf 40]"
3,Development FIs,EXIM Bank Malaysia,"Hairil Izwar Abd Rahman (Group Chief Digital & Technology Officer, BPMB Group, CISO-equivalent) [Official: bpmb.com.my/about-us/leadership/, conf 80]","Wan Noorazli Maula Wan Suleiman (Head of Legal, Governance & Recovery) [Official: exim.com.my]; Mohammad Azam Ahmad (Group CRO) + Rohayati Talha (Group CCO) [Composite, BPMB Group] [Official: bpmb.com.my]","Hee Wei Jean (Group CFO, BPMB) [Official: bpmb.com.my/about-us/leadership]","Abdul Hadi Jusoh (Chief Risk Officer) [Official: exim.com.my]; Mohammad Azam Ahmad (Group CRO, BPMB) [Official: bpmb.com.my]","Nizam Samad (Chief Compliance Officer) [Official: exim.com.my]; Rohayati Talha (Group CCO, BPMB) [Official: bpmb.com.my]","Hairil Izwar Abd Rahman (Group Chief Digital & Technology Officer, BPMB) [Official: bpmb.com.my/about-us/leadership]","Shahrul Farelli Zulkiffli (Chief Internal Auditor) [Official: exim.com.my]; Hasrul Farid Hasnan (Group Chief Internal Auditor, BPMB) [Official: bpmb.com.my]"
2,Insurers,Etiqa General Insurance Berhad,Devinder Singh Sardool Singh (CISO) [Official: etiqa.com],Nurliana Mat Lazim (CRO/Compliance - GRC) [Official: etiqa.com],Lee Hin Sze (CFO) [Official: etiqa.com],Nurliana Mat Lazim (Chief Risk & Compliance Officer) [Official: etiqa.com],Roslina Mohd Ramza (CCO) [Official: etiqa.com],Dennis Liu (CTO) [Official: etiqa.com],"Azian Ismail (Chief Audit Executive, Maybank Group) [Group-level: Maybank]"
2,Insurers,Etiqa Life Insurance Berhad,Devinder Singh Sardool Singh (CISO) [Official: etiqa.com],Nurliana Mat Lazim (CRO/Compliance - GRC) [Official: etiqa.com],Lee Hin Sze (CFO) [Official: etiqa.com],Nurliana Mat Lazim (Chief Risk & Compliance Officer) [Official: etiqa.com],Roslina Mohd Ramza (CCO) [Official: etiqa.com],Dennis Liu (CTO) [Official: etiqa.com],"Azian Ismail (Chief Audit Executive, Maybank Group) [Group-level: Maybank]"
2,Takaful,Etiqa Takaful Berhad,Devinder Singh Sardool Singh (CISO) [Official: etiqa.com],Nurliana Mat Lazim (CRO/Compliance - GRC) [Official: etiqa.com],Lee Hin Sze (CFO) [Official: etiqa.com],Nurliana Mat Lazim (Chief Risk & Compliance Officer) [Official: etiqa.com],Roslina Mohd Ramza (CCO) [Official: etiqa.com],Dennis Liu (CTO) [Official: etiqa.com],"Azian Ismail (Chief Audit Executive, Maybank Group) [Group-level: Maybank]"
4,Payment Operators,FPX (by PayNet),"Meling Mudin (Chief Information Security Officer, PayNet group) [Inherited from PayNet parent per v5.5 leadership-inheritance precedent. Source: Star Cybersecurity Summit 2025 speaker page + LinkedIn + ZoomInfo; conf 95]","Not publicly disclosed on PayNet leadership page [Official: paynet.my/about-us/corporate-profile/leadership.html — as of Jul 2026, conf 40]","Tan Wei Tze (Chief Financial Officer, PayNet) [PayNet leadership - FPX is a PayNet product, inherited, conf 85]","Not publicly disclosed on PayNet leadership page [Official: paynet.my/about-us/corporate-profile/leadership.html — as of Jul 2026, conf 40]","Not publicly disclosed on PayNet leadership page [Official: paynet.my/about-us/corporate-profile/leadership.html — as of Jul 2026, conf 40]","Teh Lip Guan (Chief Technology Officer, PayNet) [PayNet leadership - FPX is a PayNet product, inherited, conf 85]","Not publicly disclosed on PayNet leadership page [Official: paynet.my/about-us/corporate-profile/leadership.html — as of Jul 2026, conf 40]"
2,Insurers,FWD Insurance Berhad,"NOT FOUND [Confirmed Jul 31 2026: FWD Malaysia Holdings (FMH) leadership page (fwd.com.my/about-us/fmh/meet-our-team) lists 9 management team members: CEO, CFO (Yeoh Eng Hun), Chief Governance Officer (Anita Menon), Head of IA (Cheryl Lim), etc. No CISO role listed. CISO function likely managed at FWD Group/regional level. conf 95]","Anita Menon (Chief Governance Officer) [Official: fwd.com.my/about-us/fmh/meet-our-team, conf 100]","Yeoh Eng Hun (Chief Financial Officer) [Official: fwd.com.my/about-us/ins/meet-our-team + fwd.com.my/about-us/fmh/meet-our-team, conf 100]","Anita Menon (Chief Governance Officer / Acting Head of Risk) [Official: fwd.com.my/about-us/ins/meet-our-team + fwd.com.my/about-us/fmh/meet-our-team, conf 100]","Anita Menon (Chief Governance Officer, oversees compliance) [Official: fwd.com.my/about-us/fmh/meet-our-team, conf 80]. FWD Takaful: Lim Weng Leong (Head of Compliance) [Official: fwd.com.my/about-us/tkfl/meet-our-team, conf 100]","NOT FOUND [Confirmed Jul 31 2026: FWD Malaysia Holdings leadership page lists 9 SMT members. No CIO/CTO role listed. IT function likely managed at FWD Group level (FWD is a digital-first insurer, technology managed centrally). conf 90]","Cheryl Lim (Head of Internal Audit) [Official: fwd.com.my/about-us/fmh/meet-our-team, conf 100]"
2,Takaful,Family Takaful Berhad,"Nazaruddin Adha bin Md Noor (Chief Technology Officer - CISO-equivalent) [Official: takaful-malaysia.com.my/en/about-us/our-leaders, conf 75 - CISO-equivalent, no dedicated CISO published]","Shizal Fisham bin Ramli (Chief Governance Officer) [takaful-malaysia.com.my, HIGH-90]","New Kheng Chee (Group CFO) [takaful-malaysia.com.my, HIGH-90]","Shizal Fisham Ramli (Chief Risk Officer) [Malaysian Insurance Directory 2025/2026, conf 85 - note: same name appears at Takaful Malaysia GRC; cross-entity role]","Redzuan bin Abu [takaful-malaysia.com.my, HIGH-90]","Nazaruddin Adha bin Md Noor (CTO) [takaful-malaysia.com.my, HIGH-90]","Zuhairi bin Ismail (Chief Internal Auditor) [takaful-malaysia.com.my, HIGH-90]"
3,MSBs,G2G Online (Malaysia) Sdn Bhd,NOT FOUND [Malaysian MSB licensee; distinct from g2g.com gaming marketplace. No public leadership information. 0/7 target roles.] [conf 85],NOT FOUND [G2G Online is a government-to-government platform. No public C-suite leadership data available. conf 90],NOT FOUND [G2G Online is a government-to-government platform. No public C-suite leadership data available. conf 90],NOT FOUND [G2G Online is a government-to-government platform. No public C-suite leadership data available. conf 90],NOT FOUND [G2G Online is a government-to-government platform. No public C-suite leadership data available. conf 90],NOT FOUND [G2G Online is a government-to-government platform. No public C-suite leadership data available. conf 90],NOT FOUND [G2G Online is a government-to-government platform. No public C-suite leadership data available. conf 90]
6,Fintech Sandbox,GX Bank Berhad,"NOT FOUND [Confirmed Aug 2026: gxbank.my/our-leadership fully scraped (24K chars, 13 executives). CEO: Kaushik Chowdhury. Deputy CEO/COO: Hildah Hamzah. CTO: Nishant Sharma (closest to CISO — oversees technology). CRO: Kiyoka Thaam. CFO: Kenneth Leong. Head of Compliance: Nadia Farhan Noordin. Head of IA: Karina Sivam. No dedicated CISO listed on official leadership page. As a digital bank, cybersecurity likely falls under CTO or yet-to-be-announced dedicated CISO.]",Kiyoka Thaam (CRO) + Nadia Farhan Noordin (Head of Compliance) [Official: gxbank.my],Kenneth Leong (Chief Financial Officer) [Official: gxbank.my/our-leadership],Kiyoka Thaam (Chief Risk Officer) [Official: gxbank.my/our-leadership],Nadia Farhan Noordin (Head of Compliance) [Official: gxbank.my/our-leadership],Nishant Sharma (Chief Technology Officer) [Official: gxbank.my/our-leadership],Karina Sivam (Head of Internal Audit) [Official: gxbank.my/our-leadership]
6,Fintech Sandbox,GXBank Berhad,,Kiyoka Thaam,Kenneth Leong,Kiyoka Thaam,Nadia Farhan Noordin,Nishant Sharma,Karina Sivam
2,Takaful,General Takaful Berhad,Not publicly disclosed on official leadership page,"Shizal Fisham bin Ramli (Chief Governance Officer) [takaful-malaysia.com.my, HIGH-90]","New Kheng Chee (Group CFO) [takaful-malaysia.com.my, HIGH-90]","Not publicly disclosed on leadership page [Official: takaful-malaysia.com.my/en/about-us/our-leaders, Jul 2026. Chief Governance Officer covers risk function. conf 90]","Redzuan bin Abu [takaful-malaysia.com.my, HIGH-90]","Nazaruddin Adha bin Md Noor (CTO) [takaful-malaysia.com.my, HIGH-90]","Zuhairi bin Ismail (Chief Internal Auditor) [takaful-malaysia.com.my, HIGH-90]"
2,Insurers,Generali Insurance Malaysia Berhad,"NOT FOUND [Confirmed Aug 2026: generali.com.my/about-generali/leadership fully scraped (5K chars, complete leadership team). CEO: Fabrice Benard. Chief Distribution Officer: Lee Chee Fooi. Chief Transformation Officer: Laurent Crouet. Chief Compliance Officer: Nor Hakimah Abdul Latiff. CFO: Tony Lin. COO: May Chan (Generali Life). No CISO, Head of IT, or Head of Information Security listed on official leadership page.]",Haneeza Abdul Kadir (General Counsel) [Official: generali.com.my/about-generali/leadership - General Counsel oversees legal & governance functions for Generali Malaysia (GMI). Conf 85],Tony Lin (Chief Financial Officer) [Official: generali.com.my conf 90],Vincent Fong (Chief Risk Officer) [Official: generali.com.my conf 90],Nor Hakimah Abdul Latiff (Chief Compliance Officer) [Official: generali.com.my],Laurent Crouet (Chief Transformation Officer) [Official: generali.com.my conf 90],Vivian Ho (Chief Internal Auditor) [Official: generali.com.my]
2,Insurers,Generali Life Insurance Malaysia Berhad,Aaron Ooi Yen Keat (Chief Information Security Officer) [LinkedIn: Indonesian CIO Network post welcoming Aaron Ooi as CISO at Generali Life Insurance Malaysia; also referenced in Festival of Digitalized Innovation 2026 coverage. Official leadership page (generali.com.my/about-generali/leadership) does not list CISO separately — role confirmed via LinkedIn conf 80],Vincent Fong (CRO) + Aw Teck Yee (Compliance) [Composite],Tony Lin (Chief Financial Officer) [Official: generali.com.my],Vincent Fong (Chief Risk Officer) [Official: generali.com.my],Aw Teck Yee (Head of Compliance & AML) [Official: generali.com.my],Not publicly disclosed on official leadership page,George Tan (Head of Internal Audit) [Official: generali.com.my]
4,E-Money,GrabPay (Grab Malaysia),,,Peter Oey,,,Suthen Thomas Paradatheth,
3,MSBs,GrabPay Malaysia Sdn Bhd,NOT FOUND — CISO function managed at Grab group level (Singapore); not separately published for Malaysian entity [conf 90],"NOT FOUND [Not publicly disclosed. Likely centralized at Grab Financial Group (regional) or Grab Holdings (Singapore) level. Sources: grab.com, Wikipedia, firecrawl agents.] [conf 90]","Peter Oey (Group CFO, Grab Holdings) [Wikipedia/Grab Holdings, conf 75 - Singapore HQ group-level, no Malaysia-specific CFO published] [INHERITED from Grab Holdings Group - parent]",NOT FOUND — CRO function managed at Grab group level (Singapore); not separately published for Malaysian entity [conf 90],NOT FOUND — Compliance function managed at Grab group level (Singapore); not separately published for Malaysian entity [conf 90],"Suthen Thomas Paradatheth (Group CTO, Grab Holdings) [Wikipedia/Grab Holdings, conf 75 - Singapore HQ group-level, no Malaysia-specific CTO published] [INHERITED from Grab Holdings Group - parent]",NOT FOUND — Internal audit function managed at Grab group level (Singapore); not separately published for Malaysian entity [conf 90]
2,Insurers,Great Eastern General Insurance (Malaysia) Berhad,"Vincent Chin (Division Head, Information Technology — CISO-equivalent for GE Group) [Official: greateasternlife.com/my/en/about-us/company-profile/our-leaders/key-executive.html, conf 70 — group-level IT head]",Liza Hanim Zainal Abidin (Legal/Compliance) + Audra Chung Kit Li (Audit),"Cheng Chuen Chee (Chief Financial Officer, assumed role Jul 2024) [Official: greateasternlife.com, conf 95]","Teo Chun Seng (Division Head, Risk Management) [Group role - Official: greateasternlife.com]",Liza Hanim Zainal Abidin,Vincent Chin,Audra Chung Kit Li
2,Insurers,Great Eastern Life Assurance (Malaysia) Berhad,"Vincent Chin — Division Head, Information Technology (CISO-equivalent: handles technology risk management & IT governance) [Official: greateasternlife.com/my/en/about-us/company-profile/our-leaders/key-executive.html] | conf 75 | No dedicated CISO role listed; IT division covers infosec function.","Liza Hanim Zainal Abidin (Division Head, Company Secretary and Legal) [Official: greateasternlife.com]","Loke Chang Yueh (CFO, joined 2013) [Official: greateasternlife.com]","Teo Chun Seng (Division Head of Risk Management, appointed 1 Jan 2023) [Official: greateasternlife.com]","Helen Quat Li Huang (Division Head of Compliance, appointed 1 Jan 2023) [Official: greateasternlife.com]","Vincent Chin (Head of IT, joined 2007) [Official: greateasternlife.com] + Gary Goh (MD for Group IT, appointed Jan 2025, group-level Singapore) [ET CIO SEA: ciosea.economictimes.indiatimes.com/news/corporate/great-eastern-life-appoints-gary-goh-as-its-md-for-group-it/117069702, conf 85 — former CTO at AIA Malaysia 6yrs, MetLife 14yrs]","Audra Chung Kit Li (Chief Internal Auditor, joined 2005) [Official: greateasternlife.com]"
2,Takaful,HSBC Amanah Takaful (Malaysia) Berhad,"Not publicly disclosed [Official: fwd.com.my & about.hsbc.com.my — as of Jul 2026, conf 25]","Not publicly disclosed [Official: fwd.com.my & about.hsbc.com.my — as of Jul 2026, conf 25]","Muhammad Afiq bin Hamzah (Acting Chief Financial Officer) [Official: fwd.com.my/about-us/tkfl/meet-our-team, conf 95 — confirmed. Title is ""Acting CFO""]","Not publicly disclosed [Official: fwd.com.my & about.hsbc.com.my — as of Jul 2026, conf 25]","Lim Weng Leong (Head of Compliance) [Official: fwd.com.my/about-us/tkfl/meet-our-team, conf 95 — confirmed. 1 of 6 executive management team members]","Not publicly disclosed [Official: fwd.com.my & about.hsbc.com.my — as of Jul 2026, conf 25]","Not publicly disclosed [Official: fwd.com.my & about.hsbc.com.my — as of Jul 2026, conf 25]"
1,Licensed Banks,HSBC Bank Malaysia Berhad,"NOT FOUND [Confirmed Aug 2026: about.hsbc.com.my/hsbc-in-malaysia scraped — only Board of Directors page available (6 directors). Management team page (/hsbc-in-malaysia/management-team) returns 404. CEO: Dato' Omar Siddiq (NIED, CEO & Head of Banking, confirmed). CISO not publicly disclosed. HSBC does not list Malaysia-specific CISO on website or in search results.]","Brian McGuire (Chief Risk & Compliance Officer) [TheOfficialBoard]; CEO: Dato Omar Siddiq (CEO and Head of Banking) [Official: hsbc.com.my, conf 95]",Elly Neoh (CFO),Brian McGuire (Chief Risk & Compliance Officer) [TheOfficialBoard],Brian McGuire (Chief Compliance Officer) [TheOfficialBoard],Mei Ling Soo (CIO),"Sherlyn Cheah (Country Head of Audit Malaysia) [LinkedIn: my.linkedin.com/in/sherlyn-cheah-a8215a13a + TheOfficialBoard: theofficialboard.com/biography/sherlyn-cheah-25d91, conf 85]"
2,Insurers,Hong Leong Assurance Berhad,Low Tek Chee — Chief Technology Officer (CISO-equivalent) [Official: hla.com.my/en/know-us/leadership.html] | conf 75 | No dedicated CISO/Head of Information Security role among 13 executives. CTO is closest equivalent.,Lim Mei Gie (CRO) + Lee Noushi (Compliance) [Composite],"Ong Kheng Heng (Chief Financial Officer) [Official: hla.com.my/en/know-us/leadership.html, conf 95]","Lim Mei Gie (Chief Risk Officer) [Official: hla.com.my/en/know-us/leadership.html, conf 95]","Lee Noushi (Head of Legal and Chief Compliance Officer) [Official: hla.com.my/en/know-us/leadership.html, conf 95]","Low Tek Chee (Chief Technology Officer) [Official: hla.com.my/en/know-us/leadership.html, conf 95]",Chua Yew Lim (Chief Internal Auditor) [Group-level: Hong Leong]
4,Card Schemes,Hong Leong Bank AirMiles Card,"Dr. Simon Hoh (CISO) [TheOrg: theorg.com/org/hong-leong-bank/org-chart/dr-simon-hoh, conf 65] [INHERITED from Hong Leong Bank Berhad - product brand governance]",Justin Soong (CRO) + Jack Babani (Compliance) [Group-level composite] [INHERITED from Hong Leong Bank Berhad - product brand governance],Malkit Singh (CFO) [The Org - unverified] [INHERITED from Hong Leong Bank Berhad - product brand governance],Justin Soong (Group CRO) [RocketReach] [INHERITED from Hong Leong Bank Berhad - product brand governance],Jack Babani (CCO) [The Org - unverified] [INHERITED from Hong Leong Bank Berhad - product brand governance],William Streitberg (Chief Info & Tech Officer) [The Org] [INHERITED from Hong Leong Bank Berhad - product brand governance],Chua Yew Lim (Chief Internal Auditor) [Official CG Report] [INHERITED from Hong Leong Bank Berhad - product brand governance]
1,Licensed Banks,Hong Leong Bank Berhad,"Dr. Simon Hoh (CISO) [TheOrg: theorg.com/org/hong-leong-bank/org-chart/dr-simon-hoh, conf 65]",Justin Soong (CRO) + Jack Babani (Compliance) [Group-level composite],Malkit Singh (CFO) [The Org - unverified],Justin Soong (Group CRO) [RocketReach],Jack Babani (CCO) [The Org - unverified],William Streitberg (Chief Info & Tech Officer) [The Org],Chua Yew Lim (Chief Internal Auditor) [Official CG Report]
2,Investment Banks,Hong Leong Investment Bank Berhad,"Dr. Simon Hoh (Group CISO) [Group-level: Hong Leong Bank, TheOrg: theorg.com/org/hong-leong-bank/org-chart/dr-simon-hoh, conf 60 - HL Capital AR 2025 lists 7 KSM members, no CISO; inherited from HLB group]",Justin Soong (CRO) + Jack Babani (Compliance) [Group-level composite],"San Kah Yee (Chief Financial Officer, HLIB) [Official: HL Capital AR 2025 Key Senior Management (hlib.com.my/Files/AnnualReports/HL_Capital_AR2025.pdf), conf 95 — entity-specific CFO for HLIB. Previous group-level fill Malkit Singh is HL Bank Group CFO; AR 2025 confirms San Kah Yee as HLIB CFO]",Justin Soong (Group CRO) [Group-level: Hong Leong Bank],Jack Babani (CCO) [Group-level: Hong Leong Bank],William Streitberg (Chief Info & Tech Officer) [Group-level: Hong Leong Bank],Chua Yew Lim (Chief Internal Auditor) [Group-level: Hong Leong Bank]
1,Licensed Banks,Hong Leong Islamic Bank Berhad,"Dr. Simon Hoh (CISO) [Group-level: Hong Leong Bank, TheOrg, conf 60]",Justin Soong (CRO) + Jack Babani (Compliance) [Group-level composite],Malkit Singh (CFO) [Group-level: Hong Leong Bank],Justin Soong (Group CRO) [Group-level: Hong Leong Bank],Jack Babani (CCO) [Group-level: Hong Leong Bank],William Streitberg (Chief Info & Tech Officer) [Group-level: Hong Leong Bank],Chua Yew Lim (Chief Internal Auditor) [Group-level: Hong Leong Bank]
3,MSBs,I.Destinasi Sdn Bhd (IDSB),NOT FOUND [Malaysian MSB licensee. No public leadership information. 0/7 target roles.] [conf 85],NOT FOUND [I.Destinasi Sdn Bhd (IDSB) has no public online presence. No C-suite leadership data available. conf 90],NOT FOUND [I.Destinasi Sdn Bhd (IDSB) has no public online presence. No C-suite leadership data available. conf 90],NOT FOUND [I.Destinasi Sdn Bhd (IDSB) has no public online presence. No C-suite leadership data available. conf 90],NOT FOUND [I.Destinasi Sdn Bhd (IDSB) has no public online presence. No C-suite leadership data available. conf 90],NOT FOUND [I.Destinasi Sdn Bhd (IDSB) has no public online presence. No C-suite leadership data available. conf 90],NOT FOUND [I.Destinasi Sdn Bhd (IDSB) has no public online presence. No C-suite leadership data available. conf 90]
1,Licensed Banks,ICBC (Malaysia) Berhad,"NOT FOUND [Confirmed Aug 2026: icbc.com.my DNS does not resolve. ICBC China (icbc.com.cn) English pages return 404. ICBC Limited (icbc-ltd.com) has no Malaysia subsidiary info. ICBC Asia (icbcasia.com) HK-focused. BNM FSP directory pages blocked by antibot. All search engines return irrelevant results (ICBC Argentina, Insurance Corporation of British Columbia). CEO/MD: Geng Hao (per AR 2024). Board Chair: Wei Quanhong (per AR 2024). CFO: Geng Hao (also CFO per AR 2024 Statutory Declaration). Compliance: Liau Cheek (RocketReach, conf 55, unverified). No CISO, CRO, CIO, IA, or GRC head found via any source.] Confirmed Aug 2026 via ICBC Malaysia Board of Directors page - only Board members published.]","NOT FOUND [Confirmed Aug 2026: icbc.com.my DNS does not resolve. ICBC China (icbc.com.cn) English pages return 404. ICBC Limited (icbc-ltd.com) has no Malaysia subsidiary info. ICBC Asia (icbcasia.com) HK-focused. BNM FSP directory pages blocked by antibot. All search engines return irrelevant results (ICBC Argentina, Insurance Corporation of British Columbia). CEO/MD: Geng Hao (per AR 2024). Board Chair: Wei Quanhong (per AR 2024). CFO: Geng Hao (also CFO per AR 2024 Statutory Declaration). Compliance: Liau Cheek (RocketReach, conf 55, unverified). No CISO, CRO, CIO, IA, or GRC head found via any source.] Confirmed Aug 2026 via ICBC Malaysia Board of Directors page - only Board members published.]","Geng Hao (MD/CEO, also Director primarily responsible for financial management per AR 2024 Statutory Declaration) [Official: ICBC Malaysia AR 2024, conf 95]","NOT FOUND [Confirmed Aug 2026: icbc.com.my DNS does not resolve. ICBC China (icbc.com.cn) English pages return 404. ICBC Limited (icbc-ltd.com) has no Malaysia subsidiary info. ICBC Asia (icbcasia.com) HK-focused. BNM FSP directory pages blocked by antibot. All search engines return irrelevant results (ICBC Argentina, Insurance Corporation of British Columbia). CEO/MD: Geng Hao (per AR 2024). Board Chair: Wei Quanhong (per AR 2024). CFO: Geng Hao (also CFO per AR 2024 Statutory Declaration). Compliance: Liau Cheek (RocketReach, conf 55, unverified). No CISO, CRO, CIO, IA, or GRC head found via any source.] Confirmed Aug 2026 via ICBC Malaysia Board of Directors page - only Board members published.]","Liau Cheek [RocketReach, conf 55 — could not verify with official source. ICBC MY website and Pillar 3 PDF (31 Dec 2025) do not mention any compliance officer by name. Downgraded from conf 65.]","NOT FOUND [Confirmed Aug 2026: icbc.com.my DNS does not resolve. ICBC China (icbc.com.cn) English pages return 404. ICBC Limited (icbc-ltd.com) has no Malaysia subsidiary info. ICBC Asia (icbcasia.com) HK-focused. BNM FSP directory pages blocked by antibot. All search engines return irrelevant results (ICBC Argentina, Insurance Corporation of British Columbia). CEO/MD: Geng Hao (per AR 2024). Board Chair: Wei Quanhong (per AR 2024). CFO: Geng Hao (also CFO per AR 2024 Statutory Declaration). Compliance: Liau Cheek (RocketReach, conf 55, unverified). No CISO, CRO, CIO, IA, or GRC head found via any source.] Confirmed Aug 2026 via ICBC Malaysia Board of Directors page - only Board members published.]","NOT FOUND [Confirmed Aug 2026: icbc.com.my DNS does not resolve. ICBC China (icbc.com.cn) English pages return 404. ICBC Limited (icbc-ltd.com) has no Malaysia subsidiary info. ICBC Asia (icbcasia.com) HK-focused. BNM FSP directory pages blocked by antibot. All search engines return irrelevant results (ICBC Argentina, Insurance Corporation of British Columbia). CEO/MD: Geng Hao (per AR 2024). Board Chair: Wei Quanhong (per AR 2024). CFO: Geng Hao (also CFO per AR 2024 Statutory Declaration). Compliance: Liau Cheek (RocketReach, conf 55, unverified). No CISO, CRO, CIO, IA, or GRC head found via any source.] Confirmed Aug 2026 via ICBC Malaysia Board of Directors page - only Board members published.]"
3,MSBs,Instarem Sdn Bhd,NOT FOUND [Official: nium.com/about-us (7 global execs) — no global or Malaysia-specific CISO listed. CISO function overseen by CTO (Sekhar Cidambi). conf 30],NOT FOUND [Official: nium.com/about-us — no Malaysia-specific Head of GRC. Global Chief Risk and Compliance Officer (Amaresh Mohan) functionally covers GRC for all Nium markets including Malaysia. conf 35],"Andre Mancl (Chief Financial Officer, Nium global) [Official: nium.com/about-us, conf 95]","Amaresh Mohan (Chief Risk and Compliance Officer, Nium global) [Official: nium.com/about-us, conf 95]","Amaresh Mohan (Chief Risk and Compliance Officer, Nium global) [Official: nium.com/about-us, conf 95]","Sekhar Cidambi (Chief Technology Officer, Nium global) [Official: nium.com/about-us, conf 95]",NOT FOUND [Official: nium.com/about-us — no global or Malaysia-specific Head of Internal Audit listed. Likely outsourced or below C-suite. conf 25]
5,GLC-Linked,Iskandar Waterfront City,"NOT FOUND [Small Bursa-listed property developer (code 8256-A, iwcity.com.my). Management team confirmed: Executive Vice Chairman Tan Sri Dato' Lim Kang Hoo, Executive Director Mr Lim Chen Herng, COO Mr Lim Fang Ching (iwcity.com.my, conf 95). 0/7 target C-suite roles - small developer, no dedicated CFO/CRO/CISO/CIO/Compliance/IA/GRC.]","NOT FOUND [Iskandar Waterfront City is a property developer, not a financial institution. Target roles not applicable. conf 90]","NOT FOUND [Iskandar Waterfront City is a property developer, not a financial institution. Target roles not applicable. conf 90]","NOT FOUND [Iskandar Waterfront City is a property developer, not a financial institution. Target roles not applicable. conf 90]","NOT FOUND [Iskandar Waterfront City is a property developer, not a financial institution. Target roles not applicable. conf 90]","NOT FOUND [Iskandar Waterfront City is a property developer, not a financial institution. Target roles not applicable. conf 90]","NOT FOUND [Iskandar Waterfront City is a property developer, not a financial institution. Target roles not applicable. conf 90]"
1,Licensed Banks,J.P. Morgan Chase Bank Malaysia Berhad,"NOT FOUND [Confirmed Aug 2026 via JPM MY 2025 Corporate Governance Report PDF + FY2024 CG Statement PDF + FY2023 CG Statement PDF + Board Charter PDF (all from jpmorgan.com/country/MY/en/disclosures). Board: Osman Tarique Morad (Chairman/INED), Wong Hooi Ching (NIED/CEO), Robert Armor Morris (INED), Mahani Binti Amat (INED). CG report mentions ""9 Senior Management and Material Risk Takers"" but does NOT name them individually. APAC-level compliance: Gail Koh De Josselin (MD, Head of Payments CCOR + CCO Singapore + Senior Coverage SE Asia CCOR) and Lalitha A/P Rajah Manikam (MD, Head of APAC Global Financial Crimes Compliance) — both APAC/Singapore-level, NOT Malaysia-specific. No Malaysia-specific CISO, CFO, CRO, CIO, IA, or GRC head named in any JPM MY document.]","NOT FOUND [Confirmed Aug 2026 via JPM MY 2025 Corporate Governance Report PDF + FY2024 CG Statement PDF + FY2023 CG Statement PDF + Board Charter PDF (all from jpmorgan.com/country/MY/en/disclosures). Board: Osman Tarique Morad (Chairman/INED), Wong Hooi Ching (NIED/CEO), Robert Armor Morris (INED), Mahani Binti Amat (INED). CG report mentions ""9 Senior Management and Material Risk Takers"" but does NOT name them individually. APAC-level compliance: Gail Koh De Josselin (MD, Head of Payments CCOR + CCO Singapore + Senior Coverage SE Asia CCOR) and Lalitha A/P Rajah Manikam (MD, Head of APAC Global Financial Crimes Compliance) — both APAC/Singapore-level, NOT Malaysia-specific. No Malaysia-specific CISO, CFO, CRO, CIO, IA, or GRC head named in any JPM MY document.]","NOT FOUND [Confirmed Aug 2026 via JPM MY 2025 Corporate Governance Report PDF + FY2024 CG Statement PDF + FY2023 CG Statement PDF + Board Charter PDF (all from jpmorgan.com/country/MY/en/disclosures). Board: Osman Tarique Morad (Chairman/INED), Wong Hooi Ching (NIED/CEO), Robert Armor Morris (INED), Mahani Binti Amat (INED). CG report mentions ""9 Senior Management and Material Risk Takers"" but does NOT name them individually. APAC-level compliance: Gail Koh De Josselin (MD, Head of Payments CCOR + CCO Singapore + Senior Coverage SE Asia CCOR) and Lalitha A/P Rajah Manikam (MD, Head of APAC Global Financial Crimes Compliance) — both APAC/Singapore-level, NOT Malaysia-specific. No Malaysia-specific CISO, CFO, CRO, CIO, IA, or GRC head named in any JPM MY document.]","NOT FOUND [Confirmed Aug 2026 via JPM MY 2025 Corporate Governance Report PDF + FY2024 CG Statement PDF + FY2023 CG Statement PDF + Board Charter PDF (all from jpmorgan.com/country/MY/en/disclosures). Board: Osman Tarique Morad (Chairman/INED), Wong Hooi Ching (NIED/CEO), Robert Armor Morris (INED), Mahani Binti Amat (INED). CG report mentions ""9 Senior Management and Material Risk Takers"" but does NOT name them individually. APAC-level compliance: Gail Koh De Josselin (MD, Head of Payments CCOR + CCO Singapore + Senior Coverage SE Asia CCOR) and Lalitha A/P Rajah Manikam (MD, Head of APAC Global Financial Crimes Compliance) — both APAC/Singapore-level, NOT Malaysia-specific. No Malaysia-specific CISO, CFO, CRO, CIO, IA, or GRC head named in any JPM MY document.]","NOT FOUND [Confirmed Aug 2026 via JPM MY 2025 Corporate Governance Report PDF + FY2024 CG Statement PDF + FY2023 CG Statement PDF + Board Charter PDF (all from jpmorgan.com/country/MY/en/disclosures). Board: Osman Tarique Morad (Chairman/INED), Wong Hooi Ching (NIED/CEO), Robert Armor Morris (INED), Mahani Binti Amat (INED). CG report mentions ""9 Senior Management and Material Risk Takers"" but does NOT name them individually. APAC-level compliance: Gail Koh De Josselin (MD, Head of Payments CCOR + CCO Singapore + Senior Coverage SE Asia CCOR) and Lalitha A/P Rajah Manikam (MD, Head of APAC Global Financial Crimes Compliance) — both APAC/Singapore-level, NOT Malaysia-specific. No Malaysia-specific CISO, CFO, CRO, CIO, IA, or GRC head named in any JPM MY document.]","NOT FOUND [Confirmed Aug 2026 via JPM MY 2025 Corporate Governance Report PDF + FY2024 CG Statement PDF + FY2023 CG Statement PDF + Board Charter PDF (all from jpmorgan.com/country/MY/en/disclosures). Board: Osman Tarique Morad (Chairman/INED), Wong Hooi Ching (NIED/CEO), Robert Armor Morris (INED), Mahani Binti Amat (INED). CG report mentions ""9 Senior Management and Material Risk Takers"" but does NOT name them individually. APAC-level compliance: Gail Koh De Josselin (MD, Head of Payments CCOR + CCO Singapore + Senior Coverage SE Asia CCOR) and Lalitha A/P Rajah Manikam (MD, Head of APAC Global Financial Crimes Compliance) — both APAC/Singapore-level, NOT Malaysia-specific. No Malaysia-specific CISO, CFO, CRO, CIO, IA, or GRC head named in any JPM MY document.]","NOT FOUND [Confirmed Aug 2026 via JPM MY 2025 Corporate Governance Report PDF + FY2024 CG Statement PDF + FY2023 CG Statement PDF + Board Charter PDF (all from jpmorgan.com/country/MY/en/disclosures). Board: Osman Tarique Morad (Chairman/INED), Wong Hooi Ching (NIED/CEO), Robert Armor Morris (INED), Mahani Binti Amat (INED). CG report mentions ""9 Senior Management and Material Risk Takers"" but does NOT name them individually. APAC-level compliance: Gail Koh De Josselin (MD, Head of Payments CCOR + CCO Singapore + Senior Coverage SE Asia CCOR) and Lalitha A/P Rajah Manikam (MD, Head of APAC Global Financial Crimes Compliance) — both APAC/Singapore-level, NOT Malaysia-specific. No Malaysia-specific CISO, CFO, CRO, CIO, IA, or GRC head named in any JPM MY document.]"
2,Investment Banks,JCL Corporation Sdn Bhd,"ENTITY NON-EXISTENT AS LICENSED INVESTMENT BANK [No match on BNM licensed investment banks list (CIMB IB, Maybank IB, RHB IB, Kenanga IB, AmInvestment, Affin Hwang, Hong Leong IB, Public IB, M&A Securities, KAF IB). No Bursa/SSM record. Likely mislabel or placeholder.]","ENTITY NON-EXISTENT AS LICENSED INVESTMENT BANK [No match on BNM licensed investment banks list (CIMB IB, Maybank IB, RHB IB, Kenanga IB, AmInvestment, Affin Hwang, Hong Leong IB, Public IB, M&A Securities, KAF IB). Not a Bursa/SSM registered investment bank. Conf 90]","ENTITY NON-EXISTENT AS LICENSED INVESTMENT BANK [No match on BNM licensed investment banks list (CIMB IB, Maybank IB, RHB IB, Kenanga IB, AmInvestment, Affin Hwang, Hong Leong IB, Public IB, M&A Securities, KAF IB). Not a Bursa/SSM registered investment bank. Conf 90]","ENTITY NON-EXISTENT AS LICENSED INVESTMENT BANK [No match on BNM licensed investment banks list (CIMB IB, Maybank IB, RHB IB, Kenanga IB, AmInvestment, Affin Hwang, Hong Leong IB, Public IB, M&A Securities, KAF IB). Not a Bursa/SSM registered investment bank. Conf 90]","ENTITY NON-EXISTENT AS LICENSED INVESTMENT BANK [No match on BNM licensed investment banks list (CIMB IB, Maybank IB, RHB IB, Kenanga IB, AmInvestment, Affin Hwang, Hong Leong IB, Public IB, M&A Securities, KAF IB). Not a Bursa/SSM registered investment bank. Conf 90]","ENTITY NON-EXISTENT AS LICENSED INVESTMENT BANK [No match on BNM licensed investment banks list (CIMB IB, Maybank IB, RHB IB, Kenanga IB, AmInvestment, Affin Hwang, Hong Leong IB, Public IB, M&A Securities, KAF IB). Not a Bursa/SSM registered investment bank. Conf 90]","ENTITY NON-EXISTENT AS LICENSED INVESTMENT BANK [No match on BNM licensed investment banks list (CIMB IB, Maybank IB, RHB IB, Kenanga IB, AmInvestment, Affin Hwang, Hong Leong IB, Public IB, M&A Securities, KAF IB). Not a Bursa/SSM registered investment bank. Conf 90]"
6,Fintech Sandbox,Jirnexu (M) Sdn Bhd,"NOT FOUND [Confirmed via theorg.com/org/jirnexu (7-person leadership team: CEO Yuen Tuck Siew, CCO Jack Low, CFO Khoon Eong Lim, Head of Engineering Jacky Yong, Head of Product Kar Mun Leong, Corporate Affairs Sarah Lim) - no dedicated CISO role. As fintech aggregator (RinggitPlus/CompareHero), cybersecurity handled at group/parent level.]","NOT FOUND [Confirmed via theorg.com/org/jirnexu (7-person leadership team: CEO Yuen Tuck Siew, CCO Jack Low, CFO Khoon Eong Lim, Head of Engineering Jacky Yong, Head of Product Kar Mun Leong, Corporate Affairs Sarah Lim) - no dedicated GRC role. Compliance likely managed by parent or external counsel.]","Khoon Eong Lim (Chief Financial Officer) [Source: theorg.com/org/jirnexu, conf 70 - org chart lists CFO role]","NOT FOUND [Confirmed via theorg.com/org/jirnexu (7-person leadership team: CEO Yuen Tuck Siew, CCO Jack Low, CFO Khoon Eong Lim, Head of Engineering Jacky Yong, Head of Product Kar Mun Leong, Corporate Affairs Sarah Lim) - no dedicated CRO role. Risk managed at executive level.]","NOT FOUND [Confirmed via theorg.com/org/jirnexu (7-person leadership team: CEO Yuen Tuck Siew, CCO Jack Low, CFO Khoon Eong Lim, Head of Engineering Jacky Yong, Head of Product Kar Mun Leong, Corporate Affairs Sarah Lim) - no dedicated Compliance Officer role. BNM-regulated MSB, compliance function may be outsourced or shared.]","Jacky Yong (Head of Engineering, CIO-equivalent) [Source: theorg.com/org/jirnexu, conf 65 - no dedicated CIO at 51-200 person fintech]","NOT FOUND [Confirmed via theorg.com/org/jirnexu (7-person leadership team: CEO Yuen Tuck Siew, CCO Jack Low, CFO Khoon Eong Lim, Head of Engineering Jacky Yong, Head of Product Kar Mun Leong, Corporate Affairs Sarah Lim) - no dedicated Internal Audit role. Internal audit likely outsourced to external firm.]"
5,GLC-Linked,Johor Corporation (JCorp),NOT FOUND [Confirmed via jcorp.com.my/our-leadership + JCorp 2023 Integrated Report - no CISO listed. Security managed under Chief Digital Officer (Ahmad Yusri Mohamed) or outsourced.],"Mohd Azmi Hitam (Chief Governance Officer) [Official: jcorp.com.my/our-leadership, 2026-07-13]","Rozaini Mohd Sani (Chief Financial Officer) [Official: jcorp.com.my/our-leadership, 2026-07-13]","NOT FOUND - No dedicated CRO; risk covered by Mohd Azmi Hitam (Chief Governance Officer) + board Risk Mgmt Committee [Official: jcorp.com.my/our-leadership, conf 85]","Mohd Azmi Hitam (Chief Governance Officer, leads Governance and Risk Division - GRD) [Official: jcorp.com.my/our-leadership + JCorp 2023 Integrated Report PDF, conf 80 - Chief Governance Officer functionally covers compliance; GRD is the functional umbrella for compliance]","Ahmad Yusri Mohamed (Chief Digital Officer) + Budiman Bujang (Deputy Chief Digital Officer, appointed Jan 2025) [Official: jcorp.com.my/our-leadership, 2026-07-13; ET CIO SEA: ciosea.economictimes.indiatimes.com/news/corporate/budiman-bujang-becomes-deputy-chief-digital-officer-at-johor-corporation/116869210, conf 85]","Mohd Nordin Jamaludin (Chief Corporate Services Officer) [Official: jcorp.com.my/our-leadership + JCorp 2023 Integrated Report PDF, conf 70 - Corporate Services typically encompasses audit, risk, and governance support; Board Audit and Risk Committee (BARC) provides board-level oversight]"
4,Payment Operators,JomPAY (by PayNet),"Meling Mudin (Chief Information Security Officer, PayNet group) [Inherited from PayNet parent per v5.5 leadership-inheritance precedent. Source: Star Cybersecurity Summit 2025 speaker page + LinkedIn + ZoomInfo; conf 95]","Not publicly disclosed on PayNet leadership page [Official: paynet.my/about-us/corporate-profile/leadership.html — as of Jul 2026, conf 40]","Tan Wei Tze (Chief Financial Officer, PayNet) [PayNet leadership - JomPAY is a PayNet product, inherited, conf 85]","Not publicly disclosed on PayNet leadership page [Official: paynet.my/about-us/corporate-profile/leadership.html — as of Jul 2026, conf 40]","Not publicly disclosed on PayNet leadership page [Official: paynet.my/about-us/corporate-profile/leadership.html — as of Jul 2026, conf 40]","Teh Lip Guan (Chief Technology Officer, PayNet) [PayNet leadership - JomPAY is a PayNet product, inherited, conf 85]","Not publicly disclosed on PayNet leadership page [Official: paynet.my/about-us/corporate-profile/leadership.html — as of Jul 2026, conf 40]"
6,Fintech Sandbox,KAF Digital Bank,NOT FOUND — KAF Digital Bank in pre-launch stage; CISO not yet publicly announced (Jul 2025) Confirmed Jul 2026: kafdigitalbank.com has no leadership page; ONZ Banking product in pre-launch/waitlist stage. Parent KAF Investment Bank (kaf.com.my) also has no management team page. conf 95,"NOT FOUND [KAF Digital Bank Annual Report FY2025 and website (kafdigitalbank.com.my) list CEO and Board of Directors only. C-suite management (CRO, CIO, Compliance, IA, GRC) not publicly named. Management Committee members unnamed. conf 85] Confirmed Jul 2026: kafdigitalbank.com has no leadership page; ONZ Banking product in pre-launch/waitlist stage. Parent KAF Investment Bank (kaf.com.my) also has no management team page. conf 95","Mohd Nizaruddin|Financial Controller (CFO equivalent)|75|https://my.linkedin.com/in/mohd-nizaruddin-mba-fcca-micpa-ca-m-9515a040|Financial Controller at KAF Digital Bank. Responsible for entire finance function, financial reporting, budgeting, forecasting, 5-year planning, regulatory reporting to BNM. MBA, FCCA, MICPA, CA (M) [LinkedIn confirmed]",NOT FOUND — KAF Digital Bank in pre-launch stage; CRO not yet publicly announced (Jul 2025) Confirmed Jul 2026: kafdigitalbank.com has no leadership page; ONZ Banking product in pre-launch/waitlist stage. Parent KAF Investment Bank (kaf.com.my) also has no management team page. conf 95,NOT FOUND — KAF Digital Bank in pre-launch stage; compliance head not yet publicly announced (Jul 2025) Confirmed Jul 2026: kafdigitalbank.com has no leadership page; ONZ Banking product in pre-launch/waitlist stage. Parent KAF Investment Bank (kaf.com.my) also has no management team page. conf 95,"NOT FOUND [KAF Digital Bank Annual Report FY2025 and website (kafdigitalbank.com.my) list CEO and Board of Directors only. C-suite management (CRO, CIO, Compliance, IA, GRC) not publicly named. Management Committee members unnamed. conf 85] Confirmed Jul 2026: kafdigitalbank.com has no leadership page; ONZ Banking product in pre-launch/waitlist stage. Parent KAF Investment Bank (kaf.com.my) also has no management team page. conf 95",NOT FOUND — KAF Digital Bank in pre-launch stage; CAE not yet publicly announced (Jul 2025) Confirmed Jul 2026: kafdigitalbank.com has no leadership page; ONZ Banking product in pre-launch/waitlist stage. Parent KAF Investment Bank (kaf.com.my) also has no management team page. conf 95
6,Fintech Sandbox,KAF Digital Bank Berhad,NOT FOUND — KAF Digital Bank in pre-launch stage; CISO not yet publicly announced (Jul 2025) Confirmed Jul 2026: kafdigitalbank.com has no leadership page; ONZ Banking product in pre-launch/waitlist stage. Parent KAF Investment Bank (kaf.com.my) also has no management team page. conf 95,"NOT FOUND [KAF Digital Bank Annual Report FY2025 and website (kafdigitalbank.com.my) list CEO and Board of Directors only. C-suite management (CRO, CIO, Compliance, IA, GRC) not publicly named. Management Committee members unnamed. conf 85] Confirmed Jul 2026: kafdigitalbank.com has no leadership page; ONZ Banking product in pre-launch/waitlist stage. Parent KAF Investment Bank (kaf.com.my) also has no management team page. conf 95","Mohd Nizaruddin|Financial Controller (CFO equivalent)|75|https://my.linkedin.com/in/mohd-nizaruddin-mba-fcca-micpa-ca-m-9515a040|Financial Controller at KAF Digital Bank. Responsible for entire finance function, financial reporting, budgeting, forecasting, 5-year planning, regulatory reporting to BNM. MBA, FCCA, MICPA, CA (M) [LinkedIn confirmed]",NOT FOUND — KAF Digital Bank in pre-launch stage; CRO not yet publicly announced (Jul 2025) Confirmed Jul 2026: kafdigitalbank.com has no leadership page; ONZ Banking product in pre-launch/waitlist stage. Parent KAF Investment Bank (kaf.com.my) also has no management team page. conf 95,NOT FOUND — KAF Digital Bank in pre-launch stage; compliance head not yet publicly announced (Jul 2025) Confirmed Jul 2026: kafdigitalbank.com has no leadership page; ONZ Banking product in pre-launch/waitlist stage. Parent KAF Investment Bank (kaf.com.my) also has no management team page. conf 95,"NOT FOUND [KAF Digital Bank Annual Report FY2025 and website (kafdigitalbank.com.my) list CEO and Board of Directors only. C-suite management (CRO, CIO, Compliance, IA, GRC) not publicly named. Management Committee members unnamed. conf 85] Confirmed Jul 2026: kafdigitalbank.com has no leadership page; ONZ Banking product in pre-launch/waitlist stage. Parent KAF Investment Bank (kaf.com.my) also has no management team page. conf 95",NOT FOUND — KAF Digital Bank in pre-launch stage; CAE not yet publicly announced (Jul 2025) Confirmed Jul 2026: kafdigitalbank.com has no leadership page; ONZ Banking product in pre-launch/waitlist stage. Parent KAF Investment Bank (kaf.com.my) also has no management team page. conf 95
6,Fintech Sandbox,KDI Save Sdn Bhd,NOT FOUND [KDI Save: No LinkedIn company page (404). No public website found. Web search returned only Korean Development Institute results. Likely early-stage digital bank.] [conf 85],NOT FOUND [KDI Save: No LinkedIn company page (404). No public website found. Web search returned only Korean Development Institute results. Likely early-stage digital bank.] [conf 85],NOT FOUND [KDI Save: No LinkedIn company page (404). No public website found. Web search returned only Korean Development Institute results. Likely early-stage digital bank.] [conf 85],NOT FOUND [KDI Save: No LinkedIn company page (404). No public website found. Web search returned only Korean Development Institute results. Likely early-stage digital bank.] [conf 85],NOT FOUND [KDI Save: No LinkedIn company page (404). No public website found. Web search returned only Korean Development Institute results. Likely early-stage digital bank.] [conf 85],NOT FOUND [KDI Save: No LinkedIn company page (404). No public website found. Web search returned only Korean Development Institute results. Likely early-stage digital bank.] [conf 85],NOT FOUND [KDI Save: No LinkedIn company page (404). No public website found. Web search returned only Korean Development Institute results. Likely early-stage digital bank.] [conf 85]
5,GLC-Linked,KWSP Investment Division (Alternative Assets),"Jasmine Goh (Head of Department – Digital Security) [Official: kwsp.gov.my/corporate/about-us/organisation-structure, conf 98]","Nora Badaruddin (Head of Department – Integrity & Corporate Governance) [Official: kwsp.gov.my, conf 98]","Ahmad Rizal Omar (Chief Financial Officer) [Official: kwsp.gov.my, conf 98]","Rozlina Abdul Samad (Head of Department – Risk Management) [Official: kwsp.gov.my, conf 98]","Chong Yee Leng (Head of Department – Operations Compliance) [Official: kwsp.gov.my, conf 98]","Afhzal Abdul Rahman (Chief Digital Technology Officer) [Official: kwsp.gov.my, conf 98]","Mohammad Nasir Ismail (Head of Department – Internal Audit) [Official: kwsp.gov.my, conf 98]"
5,GLC-Linked,KWSP Investment Division (Direct Investments),"Jasmine Goh (Head of Department – Digital Security) [Official: kwsp.gov.my/corporate/about-us/organisation-structure, conf 98]","Nora Badaruddin (Head of Department – Integrity & Corporate Governance) [Official: kwsp.gov.my, conf 98]","Ahmad Rizal Omar (Chief Financial Officer) [Official: kwsp.gov.my, conf 98]","Rozlina Abdul Samad (Head of Department – Risk Management) [Official: kwsp.gov.my, conf 98]","Chong Yee Leng (Head of Department – Operations Compliance) [Official: kwsp.gov.my, conf 98]","Afhzal Abdul Rahman (Chief Digital Technology Officer) [Official: kwsp.gov.my, conf 98]","Mohammad Nasir Ismail (Head of Department – Internal Audit) [Official: kwsp.gov.my, conf 98]"
5,GLC-Linked,KWSP Investment Division (Real Estate),"Jasmine Goh (Head of Department – Digital Security) [Official: kwsp.gov.my/corporate/about-us/organisation-structure, conf 98]","Nora Badaruddin (Head of Department – Integrity & Corporate Governance) [Official: kwsp.gov.my, conf 98]","Ahmad Rizal Omar (Chief Financial Officer) [Official: kwsp.gov.my, conf 98]","Rozlina Abdul Samad (Head of Department – Risk Management) [Official: kwsp.gov.my, conf 98]","Chong Yee Leng (Head of Department – Operations Compliance) [Official: kwsp.gov.my, conf 98]","Afhzal Abdul Rahman (Chief Digital Technology Officer) [Official: kwsp.gov.my, conf 98]","Mohammad Nasir Ismail (Head of Department – Internal Audit) [Official: kwsp.gov.my, conf 98]"
2,Investment Banks,Kenanga Investment Bank Berhad,Low Jia Yee — Chief Technology Officer (CISO-equivalent) [Official: kenanga.com.my/who-we-are/our-people/company/kenanga-investment-bank-berhad/] | conf 75 | No dedicated CISO/Head of IT Security among 25+ executives. CTO is closest equivalent.,Tai Yan Fee (CRO) + Choo Siew Fun (Compliance) [Group-level composite],Cheong Boon Kak (Group Chief Financial & Operations Officer) [Official: kenanga.com.my],Tai Yan Fee (Group Chief Risk Officer) [Official: kenanga.com.my],Choo Siew Fun (Group Chief Compliance & Ethics Officer) [Official: kenanga.com.my],Low Jia Yee (Chief Technology Officer) [Official: kenanga.com.my],Terence Tan Kian Meng (Group Chief Internal Auditor) [Official: kenanga.com.my]
5,GLC-Linked,Khazanah Nasional Berhad,"Not publicly disclosed on Executive Management page [Official: khazanah.com.my/responsible-stewardship/leadership/executive-management, Jul 2026. 9 executives listed, no CISO role. conf 95]","Dato' Suhana Dewi Selamat (Head, Governance, Risk & Compliance) [Official: khazanah.com.my/Who-We-Are/Leadership, 2026-07-13]","Faridah Bakar Ali (Chief Financial Officer) [Official: khazanah.com.my/Who-We-Are/Leadership, 2026-07-13]","Dato' Suhana Dewi Selamat (Head, Governance, Risk & Compliance) [Official: khazanah.com.my, conf 95 - combined GRC+CRO+Compliance role]","Dato' Suhana Dewi Selamat (Head, Governance, Risk & Compliance) [Official: khazanah.com.my, conf 95 - combined role]","Dr Farid Mohamed Sani (Head, Digitalisation) [Official: khazanah.com.my/who-we-are/leadership, 2026-07-27 - closest CIO-equivalent; Datuk Hisham Hamdan is Chief Investment Officer (finance), not IT]","Not publicly disclosed on Executive Management page [Official: khazanah.com.my/responsible-stewardship/leadership/executive-management, Jul 2026. 9 executives listed, no Head of Internal Audit. conf 95]"
3,Cooperatives,Koperasi Angkatan Tentera,NOT FOUND [Credit cooperative (koperasi) with limited public online presence. No C-suite leadership data available for target roles. Recommend approaching directly via cooperative registrar or annual reports. conf 85],NOT FOUND [Credit cooperative (koperasi) with limited public online presence. No C-suite leadership data available for target roles. Recommend approaching directly via cooperative registrar or annual reports. conf 85],NOT FOUND [Credit cooperative (koperasi) with limited public online presence. No C-suite leadership data available for target roles. Recommend approaching directly via cooperative registrar or annual reports. conf 85],NOT FOUND [Credit cooperative (koperasi) with limited public online presence. No C-suite leadership data available for target roles. Recommend approaching directly via cooperative registrar or annual reports. conf 85],NOT FOUND [Credit cooperative (koperasi) with limited public online presence. No C-suite leadership data available for target roles. Recommend approaching directly via cooperative registrar or annual reports. conf 85],NOT FOUND [Credit cooperative (koperasi) with limited public online presence. No C-suite leadership data available for target roles. Recommend approaching directly via cooperative registrar or annual reports. conf 85],NOT FOUND [Credit cooperative (koperasi) with limited public online presence. No C-suite leadership data available for target roles. Recommend approaching directly via cooperative registrar or annual reports. conf 85]
3,Cooperatives,Koperasi Guru Malaysia,NOT FOUND [Credit cooperative (koperasi) with limited public online presence. No C-suite leadership data available for target roles. Recommend approaching directly via cooperative registrar or annual reports. conf 85],NOT FOUND [Credit cooperative (koperasi) with limited public online presence. No C-suite leadership data available for target roles. Recommend approaching directly via cooperative registrar or annual reports. conf 85],NOT FOUND [Credit cooperative (koperasi) with limited public online presence. No C-suite leadership data available for target roles. Recommend approaching directly via cooperative registrar or annual reports. conf 85],NOT FOUND [Credit cooperative (koperasi) with limited public online presence. No C-suite leadership data available for target roles. Recommend approaching directly via cooperative registrar or annual reports. conf 85],NOT FOUND [Credit cooperative (koperasi) with limited public online presence. No C-suite leadership data available for target roles. Recommend approaching directly via cooperative registrar or annual reports. conf 85],NOT FOUND [Credit cooperative (koperasi) with limited public online presence. No C-suite leadership data available for target roles. Recommend approaching directly via cooperative registrar or annual reports. conf 85],NOT FOUND [Credit cooperative (koperasi) with limited public online presence. No C-suite leadership data available for target roles. Recommend approaching directly via cooperative registrar or annual reports. conf 85]
3,Cooperatives,Koperasi Johor,NOT FOUND [Credit cooperative (koperasi) with limited public online presence. No C-suite leadership data available for target roles. Recommend approaching directly via cooperative registrar or annual reports. conf 85],NOT FOUND [Credit cooperative (koperasi) with limited public online presence. No C-suite leadership data available for target roles. Recommend approaching directly via cooperative registrar or annual reports. conf 85],NOT FOUND [Credit cooperative (koperasi) with limited public online presence. No C-suite leadership data available for target roles. Recommend approaching directly via cooperative registrar or annual reports. conf 85],NOT FOUND [Credit cooperative (koperasi) with limited public online presence. No C-suite leadership data available for target roles. Recommend approaching directly via cooperative registrar or annual reports. conf 85],NOT FOUND [Credit cooperative (koperasi) with limited public online presence. No C-suite leadership data available for target roles. Recommend approaching directly via cooperative registrar or annual reports. conf 85],NOT FOUND [Credit cooperative (koperasi) with limited public online presence. No C-suite leadership data available for target roles. Recommend approaching directly via cooperative registrar or annual reports. conf 85],NOT FOUND [Credit cooperative (koperasi) with limited public online presence. No C-suite leadership data available for target roles. Recommend approaching directly via cooperative registrar or annual reports. conf 85]
3,Cooperatives,Koperasi KL,NOT FOUND [Credit cooperative (koperasi) with limited public online presence. No C-suite leadership data available for target roles. Recommend approaching directly via cooperative registrar or annual reports. conf 85],NOT FOUND [Credit cooperative (koperasi) with limited public online presence. No C-suite leadership data available for target roles. Recommend approaching directly via cooperative registrar or annual reports. conf 85],NOT FOUND [Credit cooperative (koperasi) with limited public online presence. No C-suite leadership data available for target roles. Recommend approaching directly via cooperative registrar or annual reports. conf 85],NOT FOUND [Credit cooperative (koperasi) with limited public online presence. No C-suite leadership data available for target roles. Recommend approaching directly via cooperative registrar or annual reports. conf 85],NOT FOUND [Credit cooperative (koperasi) with limited public online presence. No C-suite leadership data available for target roles. Recommend approaching directly via cooperative registrar or annual reports. conf 85],NOT FOUND [Credit cooperative (koperasi) with limited public online presence. No C-suite leadership data available for target roles. Recommend approaching directly via cooperative registrar or annual reports. conf 85],NOT FOUND [Credit cooperative (koperasi) with limited public online presence. No C-suite leadership data available for target roles. Recommend approaching directly via cooperative registrar or annual reports. conf 85]
3,Cooperatives,Koperasi Kakitangan Kerajaan,NOT FOUND [Credit cooperative (koperasi) with limited public online presence. No C-suite leadership data available for target roles. Recommend approaching directly via cooperative registrar or annual reports. conf 85],NOT FOUND [Credit cooperative (koperasi) with limited public online presence. No C-suite leadership data available for target roles. Recommend approaching directly via cooperative registrar or annual reports. conf 85],NOT FOUND [Credit cooperative (koperasi) with limited public online presence. No C-suite leadership data available for target roles. Recommend approaching directly via cooperative registrar or annual reports. conf 85],NOT FOUND [Credit cooperative (koperasi) with limited public online presence. No C-suite leadership data available for target roles. Recommend approaching directly via cooperative registrar or annual reports. conf 85],NOT FOUND [Credit cooperative (koperasi) with limited public online presence. No C-suite leadership data available for target roles. Recommend approaching directly via cooperative registrar or annual reports. conf 85],NOT FOUND [Credit cooperative (koperasi) with limited public online presence. No C-suite leadership data available for target roles. Recommend approaching directly via cooperative registrar or annual reports. conf 85],NOT FOUND [Credit cooperative (koperasi) with limited public online presence. No C-suite leadership data available for target roles. Recommend approaching directly via cooperative registrar or annual reports. conf 85]
3,Cooperatives,Koperasi Kedah,NOT FOUND [Credit cooperative (koperasi) with limited public online presence. No C-suite leadership data available for target roles. Recommend approaching directly via cooperative registrar or annual reports. conf 85],NOT FOUND [Credit cooperative (koperasi) with limited public online presence. No C-suite leadership data available for target roles. Recommend approaching directly via cooperative registrar or annual reports. conf 85],NOT FOUND [Credit cooperative (koperasi) with limited public online presence. No C-suite leadership data available for target roles. Recommend approaching directly via cooperative registrar or annual reports. conf 85],NOT FOUND [Credit cooperative (koperasi) with limited public online presence. No C-suite leadership data available for target roles. Recommend approaching directly via cooperative registrar or annual reports. conf 85],NOT FOUND [Credit cooperative (koperasi) with limited public online presence. No C-suite leadership data available for target roles. Recommend approaching directly via cooperative registrar or annual reports. conf 85],NOT FOUND [Credit cooperative (koperasi) with limited public online presence. No C-suite leadership data available for target roles. Recommend approaching directly via cooperative registrar or annual reports. conf 85],NOT FOUND [Credit cooperative (koperasi) with limited public online presence. No C-suite leadership data available for target roles. Recommend approaching directly via cooperative registrar or annual reports. conf 85]
3,Cooperatives,Koperasi Kelantan,NOT FOUND [Credit cooperative (koperasi) with limited public online presence. No C-suite leadership data available for target roles. Recommend approaching directly via cooperative registrar or annual reports. conf 85],NOT FOUND [Credit cooperative (koperasi) with limited public online presence. No C-suite leadership data available for target roles. Recommend approaching directly via cooperative registrar or annual reports. conf 85],NOT FOUND [Credit cooperative (koperasi) with limited public online presence. No C-suite leadership data available for target roles. Recommend approaching directly via cooperative registrar or annual reports. conf 85],NOT FOUND [Credit cooperative (koperasi) with limited public online presence. No C-suite leadership data available for target roles. Recommend approaching directly via cooperative registrar or annual reports. conf 85],NOT FOUND [Credit cooperative (koperasi) with limited public online presence. No C-suite leadership data available for target roles. Recommend approaching directly via cooperative registrar or annual reports. conf 85],NOT FOUND [Credit cooperative (koperasi) with limited public online presence. No C-suite leadership data available for target roles. Recommend approaching directly via cooperative registrar or annual reports. conf 85],NOT FOUND [Credit cooperative (koperasi) with limited public online presence. No C-suite leadership data available for target roles. Recommend approaching directly via cooperative registrar or annual reports. conf 85]
3,Cooperatives,Koperasi Labuan,NOT FOUND [Credit cooperative (koperasi) with limited public online presence. No C-suite leadership data available for target roles. Recommend approaching directly via cooperative registrar or annual reports. conf 85],NOT FOUND [Credit cooperative (koperasi) with limited public online presence. No C-suite leadership data available for target roles. Recommend approaching directly via cooperative registrar or annual reports. conf 85],NOT FOUND [Credit cooperative (koperasi) with limited public online presence. No C-suite leadership data available for target roles. Recommend approaching directly via cooperative registrar or annual reports. conf 85],NOT FOUND [Credit cooperative (koperasi) with limited public online presence. No C-suite leadership data available for target roles. Recommend approaching directly via cooperative registrar or annual reports. conf 85],NOT FOUND [Credit cooperative (koperasi) with limited public online presence. No C-suite leadership data available for target roles. Recommend approaching directly via cooperative registrar or annual reports. conf 85],NOT FOUND [Credit cooperative (koperasi) with limited public online presence. No C-suite leadership data available for target roles. Recommend approaching directly via cooperative registrar or annual reports. conf 85],NOT FOUND [Credit cooperative (koperasi) with limited public online presence. No C-suite leadership data available for target roles. Recommend approaching directly via cooperative registrar or annual reports. conf 85]
3,Cooperatives,Koperasi Melaka,NOT FOUND [Credit cooperative (koperasi) with limited public online presence. No C-suite leadership data available for target roles. Recommend approaching directly via cooperative registrar or annual reports. conf 85],NOT FOUND [Credit cooperative (koperasi) with limited public online presence. No C-suite leadership data available for target roles. Recommend approaching directly via cooperative registrar or annual reports. conf 85],NOT FOUND [Credit cooperative (koperasi) with limited public online presence. No C-suite leadership data available for target roles. Recommend approaching directly via cooperative registrar or annual reports. conf 85],NOT FOUND [Credit cooperative (koperasi) with limited public online presence. No C-suite leadership data available for target roles. Recommend approaching directly via cooperative registrar or annual reports. conf 85],NOT FOUND [Credit cooperative (koperasi) with limited public online presence. No C-suite leadership data available for target roles. Recommend approaching directly via cooperative registrar or annual reports. conf 85],NOT FOUND [Credit cooperative (koperasi) with limited public online presence. No C-suite leadership data available for target roles. Recommend approaching directly via cooperative registrar or annual reports. conf 85],NOT FOUND [Credit cooperative (koperasi) with limited public online presence. No C-suite leadership data available for target roles. Recommend approaching directly via cooperative registrar or annual reports. conf 85]
3,Cooperatives,Koperasi Negeri Sembilan,NOT FOUND [Credit cooperative (koperasi) with limited public online presence. No C-suite leadership data available for target roles. Recommend approaching directly via cooperative registrar or annual reports. conf 85],NOT FOUND [Credit cooperative (koperasi) with limited public online presence. No C-suite leadership data available for target roles. Recommend approaching directly via cooperative registrar or annual reports. conf 85],NOT FOUND [Credit cooperative (koperasi) with limited public online presence. No C-suite leadership data available for target roles. Recommend approaching directly via cooperative registrar or annual reports. conf 85],NOT FOUND [Credit cooperative (koperasi) with limited public online presence. No C-suite leadership data available for target roles. Recommend approaching directly via cooperative registrar or annual reports. conf 85],NOT FOUND [Credit cooperative (koperasi) with limited public online presence. No C-suite leadership data available for target roles. Recommend approaching directly via cooperative registrar or annual reports. conf 85],NOT FOUND [Credit cooperative (koperasi) with limited public online presence. No C-suite leadership data available for target roles. Recommend approaching directly via cooperative registrar or annual reports. conf 85],NOT FOUND [Credit cooperative (koperasi) with limited public online presence. No C-suite leadership data available for target roles. Recommend approaching directly via cooperative registrar or annual reports. conf 85]
3,Cooperatives,Koperasi Pahang,NOT FOUND [Credit cooperative (koperasi) with limited public online presence. No C-suite leadership data available for target roles. Recommend approaching directly via cooperative registrar or annual reports. conf 85],NOT FOUND [Credit cooperative (koperasi) with limited public online presence. No C-suite leadership data available for target roles. Recommend approaching directly via cooperative registrar or annual reports. conf 85],NOT FOUND [Credit cooperative (koperasi) with limited public online presence. No C-suite leadership data available for target roles. Recommend approaching directly via cooperative registrar or annual reports. conf 85],NOT FOUND [Credit cooperative (koperasi) with limited public online presence. No C-suite leadership data available for target roles. Recommend approaching directly via cooperative registrar or annual reports. conf 85],NOT FOUND [Credit cooperative (koperasi) with limited public online presence. No C-suite leadership data available for target roles. Recommend approaching directly via cooperative registrar or annual reports. conf 85],NOT FOUND [Credit cooperative (koperasi) with limited public online presence. No C-suite leadership data available for target roles. Recommend approaching directly via cooperative registrar or annual reports. conf 85],NOT FOUND [Credit cooperative (koperasi) with limited public online presence. No C-suite leadership data available for target roles. Recommend approaching directly via cooperative registrar or annual reports. conf 85]
3,Cooperatives,Koperasi Perak,NOT FOUND [Credit cooperative (koperasi) with limited public online presence. No C-suite leadership data available for target roles. Recommend approaching directly via cooperative registrar or annual reports. conf 85],NOT FOUND [Credit cooperative (koperasi) with limited public online presence. No C-suite leadership data available for target roles. Recommend approaching directly via cooperative registrar or annual reports. conf 85],NOT FOUND [Credit cooperative (koperasi) with limited public online presence. No C-suite leadership data available for target roles. Recommend approaching directly via cooperative registrar or annual reports. conf 85],NOT FOUND [Credit cooperative (koperasi) with limited public online presence. No C-suite leadership data available for target roles. Recommend approaching directly via cooperative registrar or annual reports. conf 85],NOT FOUND [Credit cooperative (koperasi) with limited public online presence. No C-suite leadership data available for target roles. Recommend approaching directly via cooperative registrar or annual reports. conf 85],NOT FOUND [Credit cooperative (koperasi) with limited public online presence. No C-suite leadership data available for target roles. Recommend approaching directly via cooperative registrar or annual reports. conf 85],NOT FOUND [Credit cooperative (koperasi) with limited public online presence. No C-suite leadership data available for target roles. Recommend approaching directly via cooperative registrar or annual reports. conf 85]
3,Cooperatives,Koperasi Perlis,NOT FOUND [Credit cooperative (koperasi) with limited public online presence. No C-suite leadership data available for target roles. Recommend approaching directly via cooperative registrar or annual reports. conf 85],NOT FOUND [Credit cooperative (koperasi) with limited public online presence. No C-suite leadership data available for target roles. Recommend approaching directly via cooperative registrar or annual reports. conf 85],NOT FOUND [Credit cooperative (koperasi) with limited public online presence. No C-suite leadership data available for target roles. Recommend approaching directly via cooperative registrar or annual reports. conf 85],NOT FOUND [Credit cooperative (koperasi) with limited public online presence. No C-suite leadership data available for target roles. Recommend approaching directly via cooperative registrar or annual reports. conf 85],NOT FOUND [Credit cooperative (koperasi) with limited public online presence. No C-suite leadership data available for target roles. Recommend approaching directly via cooperative registrar or annual reports. conf 85],NOT FOUND [Credit cooperative (koperasi) with limited public online presence. No C-suite leadership data available for target roles. Recommend approaching directly via cooperative registrar or annual reports. conf 85],NOT FOUND [Credit cooperative (koperasi) with limited public online presence. No C-suite leadership data available for target roles. Recommend approaching directly via cooperative registrar or annual reports. conf 85]
3,Cooperatives,Koperasi Polis Diraja Malaysia,NOT FOUND [Credit cooperative (koperasi) with limited public online presence. No C-suite leadership data available for target roles. Recommend approaching directly via cooperative registrar or annual reports. conf 85],NOT FOUND [Credit cooperative (koperasi) with limited public online presence. No C-suite leadership data available for target roles. Recommend approaching directly via cooperative registrar or annual reports. conf 85],NOT FOUND [Credit cooperative (koperasi) with limited public online presence. No C-suite leadership data available for target roles. Recommend approaching directly via cooperative registrar or annual reports. conf 85],NOT FOUND [Credit cooperative (koperasi) with limited public online presence. No C-suite leadership data available for target roles. Recommend approaching directly via cooperative registrar or annual reports. conf 85],NOT FOUND [Credit cooperative (koperasi) with limited public online presence. No C-suite leadership data available for target roles. Recommend approaching directly via cooperative registrar or annual reports. conf 85],NOT FOUND [Credit cooperative (koperasi) with limited public online presence. No C-suite leadership data available for target roles. Recommend approaching directly via cooperative registrar or annual reports. conf 85],NOT FOUND [Credit cooperative (koperasi) with limited public online presence. No C-suite leadership data available for target roles. Recommend approaching directly via cooperative registrar or annual reports. conf 85]
3,Cooperatives,Koperasi Pulau Pinang,NOT FOUND [Credit cooperative (koperasi) with limited public online presence. No C-suite leadership data available for target roles. Recommend approaching directly via cooperative registrar or annual reports. conf 85],NOT FOUND [Credit cooperative (koperasi) with limited public online presence. No C-suite leadership data available for target roles. Recommend approaching directly via cooperative registrar or annual reports. conf 85],NOT FOUND [Credit cooperative (koperasi) with limited public online presence. No C-suite leadership data available for target roles. Recommend approaching directly via cooperative registrar or annual reports. conf 85],NOT FOUND [Credit cooperative (koperasi) with limited public online presence. No C-suite leadership data available for target roles. Recommend approaching directly via cooperative registrar or annual reports. conf 85],NOT FOUND [Credit cooperative (koperasi) with limited public online presence. No C-suite leadership data available for target roles. Recommend approaching directly via cooperative registrar or annual reports. conf 85],NOT FOUND [Credit cooperative (koperasi) with limited public online presence. No C-suite leadership data available for target roles. Recommend approaching directly via cooperative registrar or annual reports. conf 85],NOT FOUND [Credit cooperative (koperasi) with limited public online presence. No C-suite leadership data available for target roles. Recommend approaching directly via cooperative registrar or annual reports. conf 85]
3,Cooperatives,Koperasi Putrajaya,NOT FOUND [Credit cooperative (koperasi) with limited public online presence. No C-suite leadership data available for target roles. Recommend approaching directly via cooperative registrar or annual reports. conf 85],NOT FOUND [Credit cooperative (koperasi) with limited public online presence. No C-suite leadership data available for target roles. Recommend approaching directly via cooperative registrar or annual reports. conf 85],NOT FOUND [Credit cooperative (koperasi) with limited public online presence. No C-suite leadership data available for target roles. Recommend approaching directly via cooperative registrar or annual reports. conf 85],NOT FOUND [Credit cooperative (koperasi) with limited public online presence. No C-suite leadership data available for target roles. Recommend approaching directly via cooperative registrar or annual reports. conf 85],NOT FOUND [Credit cooperative (koperasi) with limited public online presence. No C-suite leadership data available for target roles. Recommend approaching directly via cooperative registrar or annual reports. conf 85],NOT FOUND [Credit cooperative (koperasi) with limited public online presence. No C-suite leadership data available for target roles. Recommend approaching directly via cooperative registrar or annual reports. conf 85],NOT FOUND [Credit cooperative (koperasi) with limited public online presence. No C-suite leadership data available for target roles. Recommend approaching directly via cooperative registrar or annual reports. conf 85]
3,Cooperatives,Koperasi Sabah,NOT FOUND [Credit cooperative (koperasi) with limited public online presence. No C-suite leadership data available for target roles. Recommend approaching directly via cooperative registrar or annual reports. conf 85],NOT FOUND [Credit cooperative (koperasi) with limited public online presence. No C-suite leadership data available for target roles. Recommend approaching directly via cooperative registrar or annual reports. conf 85],NOT FOUND [Credit cooperative (koperasi) with limited public online presence. No C-suite leadership data available for target roles. Recommend approaching directly via cooperative registrar or annual reports. conf 85],NOT FOUND [Credit cooperative (koperasi) with limited public online presence. No C-suite leadership data available for target roles. Recommend approaching directly via cooperative registrar or annual reports. conf 85],NOT FOUND [Credit cooperative (koperasi) with limited public online presence. No C-suite leadership data available for target roles. Recommend approaching directly via cooperative registrar or annual reports. conf 85],NOT FOUND [Credit cooperative (koperasi) with limited public online presence. No C-suite leadership data available for target roles. Recommend approaching directly via cooperative registrar or annual reports. conf 85],NOT FOUND [Credit cooperative (koperasi) with limited public online presence. No C-suite leadership data available for target roles. Recommend approaching directly via cooperative registrar or annual reports. conf 85]
3,Cooperatives,Koperasi Sarawak,NOT FOUND [Credit cooperative (koperasi) with limited public online presence. No C-suite leadership data available for target roles. Recommend approaching directly via cooperative registrar or annual reports. conf 85],NOT FOUND [Credit cooperative (koperasi) with limited public online presence. No C-suite leadership data available for target roles. Recommend approaching directly via cooperative registrar or annual reports. conf 85],NOT FOUND [Credit cooperative (koperasi) with limited public online presence. No C-suite leadership data available for target roles. Recommend approaching directly via cooperative registrar or annual reports. conf 85],NOT FOUND [Credit cooperative (koperasi) with limited public online presence. No C-suite leadership data available for target roles. Recommend approaching directly via cooperative registrar or annual reports. conf 85],NOT FOUND [Credit cooperative (koperasi) with limited public online presence. No C-suite leadership data available for target roles. Recommend approaching directly via cooperative registrar or annual reports. conf 85],NOT FOUND [Credit cooperative (koperasi) with limited public online presence. No C-suite leadership data available for target roles. Recommend approaching directly via cooperative registrar or annual reports. conf 85],NOT FOUND [Credit cooperative (koperasi) with limited public online presence. No C-suite leadership data available for target roles. Recommend approaching directly via cooperative registrar or annual reports. conf 85]
3,Cooperatives,Koperasi Selangor,NOT FOUND [Credit cooperative (koperasi) with limited public online presence. No C-suite leadership data available for target roles. Recommend approaching directly via cooperative registrar or annual reports. conf 85],NOT FOUND [Credit cooperative (koperasi) with limited public online presence. No C-suite leadership data available for target roles. Recommend approaching directly via cooperative registrar or annual reports. conf 85],NOT FOUND [Credit cooperative (koperasi) with limited public online presence. No C-suite leadership data available for target roles. Recommend approaching directly via cooperative registrar or annual reports. conf 85],NOT FOUND [Credit cooperative (koperasi) with limited public online presence. No C-suite leadership data available for target roles. Recommend approaching directly via cooperative registrar or annual reports. conf 85],NOT FOUND [Credit cooperative (koperasi) with limited public online presence. No C-suite leadership data available for target roles. Recommend approaching directly via cooperative registrar or annual reports. conf 85],NOT FOUND [Credit cooperative (koperasi) with limited public online presence. No C-suite leadership data available for target roles. Recommend approaching directly via cooperative registrar or annual reports. conf 85],NOT FOUND [Credit cooperative (koperasi) with limited public online presence. No C-suite leadership data available for target roles. Recommend approaching directly via cooperative registrar or annual reports. conf 85]
3,Cooperatives,Koperasi Tentera Malaysia,NOT FOUND [Credit cooperative (koperasi) with limited public online presence. No C-suite leadership data available for target roles. Recommend approaching directly via cooperative registrar or annual reports. conf 85],NOT FOUND [Credit cooperative (koperasi) with limited public online presence. No C-suite leadership data available for target roles. Recommend approaching directly via cooperative registrar or annual reports. conf 85],NOT FOUND [Credit cooperative (koperasi) with limited public online presence. No C-suite leadership data available for target roles. Recommend approaching directly via cooperative registrar or annual reports. conf 85],NOT FOUND [Credit cooperative (koperasi) with limited public online presence. No C-suite leadership data available for target roles. Recommend approaching directly via cooperative registrar or annual reports. conf 85],NOT FOUND [Credit cooperative (koperasi) with limited public online presence. No C-suite leadership data available for target roles. Recommend approaching directly via cooperative registrar or annual reports. conf 85],NOT FOUND [Credit cooperative (koperasi) with limited public online presence. No C-suite leadership data available for target roles. Recommend approaching directly via cooperative registrar or annual reports. conf 85],NOT FOUND [Credit cooperative (koperasi) with limited public online presence. No C-suite leadership data available for target roles. Recommend approaching directly via cooperative registrar or annual reports. conf 85]
3,Cooperatives,Koperasi Terengganu,NOT FOUND [Credit cooperative (koperasi) with limited public online presence. No C-suite leadership data available for target roles. Recommend approaching directly via cooperative registrar or annual reports. conf 85],NOT FOUND [Credit cooperative (koperasi) with limited public online presence. No C-suite leadership data available for target roles. Recommend approaching directly via cooperative registrar or annual reports. conf 85],NOT FOUND [Credit cooperative (koperasi) with limited public online presence. No C-suite leadership data available for target roles. Recommend approaching directly via cooperative registrar or annual reports. conf 85],NOT FOUND [Credit cooperative (koperasi) with limited public online presence. No C-suite leadership data available for target roles. Recommend approaching directly via cooperative registrar or annual reports. conf 85],NOT FOUND [Credit cooperative (koperasi) with limited public online presence. No C-suite leadership data available for target roles. Recommend approaching directly via cooperative registrar or annual reports. conf 85],NOT FOUND [Credit cooperative (koperasi) with limited public online presence. No C-suite leadership data available for target roles. Recommend approaching directly via cooperative registrar or annual reports. conf 85],NOT FOUND [Credit cooperative (koperasi) with limited public online presence. No C-suite leadership data available for target roles. Recommend approaching directly via cooperative registrar or annual reports. conf 85]
5,GLC-Linked,Kumpulan Wang Simpanan Pekerja (KWSP),"Jasmine Goh (Head of Digital Security) [kwsp.gov.my via Wayback, MEDIUM-75]","Mohd Dali Jasmin (Head of Integrity & Corporate Governance) [kwsp.gov.my via Wayback, MEDIUM-75]","Mohamad Hafiz Kassim (Chief Finance Officer) [kwsp.gov.my via Wayback, MEDIUM-75]","Rozlina Abd Samad (Head of Risk Management) [kwsp.gov.my via Wayback, MEDIUM-75]","Chong Yee Leng (Head of Operational Compliance) [kwsp.gov.my via Wayback, MEDIUM-75]","Afhzal Abdul Rahman (Chief Digital Technology Officer) [kwsp.gov.my via Wayback, MEDIUM-75]","Mohammad Nasir Ismail (Head of Internal Audit) [kwsp.gov.my via Wayback, MEDIUM-75]"
2,Insurers,Kurnia Insurans (Malaysia) Berhad,NOT FOUND [Confirmed Jul 31 2026: Kurnia (kurnia.com) has no public leadership page. Entity may operate under Liberty Insurance group (acquired Liberty Mutual's Malaysian operations). CISO function likely shared with Liberty Insurance group. conf 85],rebranded as Zurich General Insurance Malaysia Berhad,NOT FOUND [Confirmed Jul 31 2026: Kurnia has no public leadership page. CFO function may be shared with Liberty Insurance group or parent amGeneral Insurance. conf 85],NOT FOUND [Confirmed Jul 31 2026: Kurnia has no public leadership page. CRO function may be shared with Liberty Insurance group. conf 85],"Peter Ong (Chief Compliance Officer) [The Org: theorg.com/org/amgeneral-insurance-berhad, conf 60 - marked Unverified]","Ganesan Vaithilingam (CIO) [The Org: theorg.com/org/amgeneral-insurance-berhad, conf 60 - marked Unverified]; CEO: Puneet Pasricha (CEO, AmGeneral Insurance Berhad) [Official: amassurance.com.my, conf 90]","Tan Bee Chuan (Chief Internal Auditor) [The Org: theorg.com/org/amgeneral-insurance-berhad, conf 60 - marked Unverified]"
3,Development FIs,LPPSA,"NOT FOUND — No dedicated CISO at LPPSA (government agency). ICT function managed by AGM Mohd Nor Ferim bin Mohd Simin. No information security officer among 22 management profiles. [Confirmed: lppsa.gov.my/v3/en/pengurusan (official LPPSA Management page; 22 management profile PNG images extracted via Tesseract OCR, Jul 2025)]","NOT FOUND — No standalone GRC role at LPPSA. Integrity & Compliance Dept (Zahari bin Mohd Alias) covers compliance. [Confirmed: lppsa.gov.my/v3/en/pengurusan (official LPPSA Management page; 22 management profile PNG images extracted via Tesseract OCR, Jul 2025)]","Mohd Zawawi bin Mohd Muhiddin (Chief Finance Officer, Financial Management & Services Division) [HIGH confidence — Official: lppsa.gov.my/v3/en/pengurusan (official LPPSA Management page; 22 management profile PNG images extracted via Tesseract OCR, Jul 2025)]","NOT FOUND — No dedicated CRO at LPPSA. Corporate Assurance Division (GM Nazhalina binti Nazri) covers some risk-adjacent functions. [Confirmed: lppsa.gov.my/v3/en/pengurusan (official LPPSA Management page; 22 management profile PNG images extracted via Tesseract OCR, Jul 2025)]","Zahari bin Mohd Alias (Senior Manager, Integrity & Compliance Department) [MEDIUM-HIGH confidence — Official: lppsa.gov.my/v3/en/pengurusan (official LPPSA Management page; 22 management profile PNG images extracted via Tesseract OCR, Jul 2025)]","Mohd Nor Ferim bin Mohd Simin (Assistant General Manager, Information Communication and Technology Department) [MEDIUM-HIGH confidence — Official: lppsa.gov.my/v3/en/pengurusan (official LPPSA Management page; 22 management profile PNG images extracted via Tesseract OCR, Jul 2025)]","Yuzrah binti Mahmud (Assistant General Manager, Internal Audit Department) [MEDIUM-HIGH confidence — Official: lppsa.gov.my/v3/en/pengurusan (official LPPSA Management page; 22 management profile PNG images extracted via Tesseract OCR, Jul 2025)]"
5,GLC-Linked,Lembaga Tabung Haji,"Shamsul Kamal Hussein Kamal (Chief Information Technology Officer, CISO-equivalent) [Official: tabunghaji.gov.my/peneraju-th, conf 75]",Syahril Nizam Abu Hasan (Chief Risk & Compliance Officer) + Mohd Hasraff Hashim (Head of Integrity & Governance) [Composite] [Official: tabunghaji.gov.my/peneraju-th],"Shamsul Bahar Shamsudin (Group Executive Director, Finance) [Official: tabunghaji.gov.my/peneraju-th]; Mustakim Mohamad (was Group Exec Dir Finance, now CEO since 6 May 2025) [News: bharian.com.my]",Syahril Nizam Abu Hasan (Chief Risk & Compliance Officer) [Official: tabunghaji.gov.my/peneraju-th],Syahril Nizam Abu Hasan (Chief Risk & Compliance Officer) [Official: tabunghaji.gov.my/peneraju-th],Shamsul Kamal Hussein Kamal (Chief Information Technology Officer) [Official: tabunghaji.gov.my/peneraju-th],Abu Bakar Baba (Group Chief Internal Auditor) [Official: tabunghaji.gov.my/peneraju-th]
2,Insurers,Liberty General Insurance Berhad,"Ganesan Vaithilingam — Chief Information Officer (CISO-equivalent: responsibilities include ""information security"" and ""Secure IT environment development"") [Official: libertyinsurance.com.my/corporate/management-team] | conf 72 | No dedicated CISO role; CIO handles infosec.",Jonathan Chong (CRO) + Suffian bin Abdul Rahman (Compliance) [Group-level composite],Suppiah Poongavanam (Chief Financial Officer) [Wayback Machine: libertyinsurance.com.my],Jonathan Chong (Chief Risk Officer) [Wayback Machine: libertyinsurance.com.my],Suffian bin Abdul Rahman (Chief Compliance Officer) [Wayback Machine: libertyinsurance.com.my],Ganesan Vaithilingam (Chief Information Officer) [Wayback Machine: libertyinsurance.com.my],Tan Bee Chuan (Chief Internal Auditor) [Wayback Machine: libertyinsurance.com.my]
2,Insurers,Lonpac Insurance Bhd,Lai Geng Farn (Chief Information Security Officer) [Official: lonpac.com],Lee Chiew Lai (CRO) + Mahinder Kaur a/p Kapal Singh (Compliance) [Composite],"Ng Seng Khin (Group Chief Financial Officer, designated 24 Jan 2025; CFO of Lonpac since 2019) [Official: lpicapital.com/about-us/management-team, conf 90]",Lee Chiew Lai (Chief Risk Officer) [Official: lonpac.com],Mahinder Kaur a/p Kapal Singh (Chief Compliance Officer) [Official: lonpac.com],Cynthia Ng Boon Howe (Chief Information Officer) [Official: lonpac.com],"Irene Hwang Siew Ling (Group Chief Internal Auditor, designated 24 Jan 2025; Chief Internal Auditor of Lonpac since 1998; MIA CA, CPA Malaysia) [Official: lpicapital.com/about-us/management-team, conf 90]"
4,E-Money,MAE by Maybank (Maybank Islamic),Devinder Singh (Group CISO) [Group-level: Maybank] [INHERITED from Maybank Islamic Berhad - product brand governance],Mohamed Rezwan Abdullah Ismail (Group CRO) [Group-level: Maybank] [INHERITED from Maybank Islamic Berhad - product brand governance],Shafiq Abdul Jabbar (Group CFO) [Group-level: Maybank] [INHERITED from Maybank Islamic Berhad - product brand governance],Mohamed Rezwan Abdullah Ismail (Group CRO) [Group-level: Maybank] [INHERITED from Maybank Islamic Berhad - product brand governance],Inn Yiow (Group Chief Compliance Officer) [Group-level: Maybank] [INHERITED from Maybank Islamic Berhad - product brand governance],Giorgio Migliarina (Group Chief Technology & Digital Officer) [Group-level: Maybank] [INHERITED from Maybank Islamic Berhad - product brand governance],"Malique Firdauz Ahmad Sidique (Group Chief Audit Executive, Maybank Group) [Official: freemalaysiatoday.com, conf 85 - Group-level, effective Oct 2025] [INHERITED from Maybank Islamic Berhad - product brand governance]"
4,E-Money,MAE by Maybank (Maybank2u),Devinder Singh (Group CISO) [LinkedIn/The Org] [INHERITED from Maybank Berhad - product brand governance],Mohamed Rezwan Abdullah Ismail (Group CRO) + Inn Yiow (Group CCO) [Group-level: Maybank] [INHERITED from Maybank Berhad - product brand governance],Shafiq Abdul Jabbar [INHERITED from Maybank Berhad - product brand governance],Mohamed Rezwan Abdullah Ismail [INHERITED from Maybank Berhad - product brand governance],Inn Yiow (Group Chief Compliance Officer) [RocketReach/ZoomInfo] [INHERITED from Maybank Berhad - product brand governance],Giorgio Migliarina (Group Chief Technology & Digital Officer) [INHERITED from Maybank Berhad - product brand governance],Azian Ismail (Chief Audit Executive) [TheOrg] [INHERITED from Maybank Berhad - product brand governance]
3,Development FIs,MARA,,,,,,Dr. Azmi bin Amat Murjan,
5,GLC-Linked,MARA (Majlis Amanah Rakyat),"NOT FOUND - No dedicated CISO at MARA (government agency). IT managed by Pengarah Teknologi Maklumat (Director of IT: Fatimah binti Mat Ghani). [Official: MARA org chart 11 Aug 2025, OCR-verified, conf 85]","NOT FOUND - No standalone GRC role at MARA. Governance/compliance covered by Ketua Unit Integriti (Head of Integrity Unit: Shuhaimi bin Man). Risk covered by Pengarah Pengurusan Risiko dan Inspektorat (Director of Risk Management & Inspectorate: Siti Aminah binti Haji Ismail). [Official: MARA org chart 11 Aug 2025, conf 80]","Dr. Azmi bin Amat Murjan (Pengarah Kewangan / Director of Finance; also Deputy DG Investment) [Official: MARA org chart 11 Aug 2025, OCR-verified, conf 80]","Siti Aminah binti Haji Ismail (Pengarah Pengurusan Risiko dan Inspektorat / Director of Risk Management & Inspectorate) [Official: MARA org chart 11 Aug 2025, OCR-verified, conf 85]","Shuhaimi bin Man (Ketua Unit Integriti / Head of Integrity Unit — covers compliance, anti-corruption, governance) [Official: MARA org chart 11 Aug 2025, OCR-verified, conf 80]","Fatimah binti Mat Ghani (Pengarah Teknologi Maklumat / Director of IT) [Official: MARA org chart 11 Aug 2025, OCR-verified, conf 85]","NOT FOUND - No dedicated Head of Internal Audit at MARA. Internal audit functions may be covered by Pengurusan Risiko dan Inspektorat (Risk Management & Inspectorate under Siti Aminah binti Haji Ismail) or by Auditor General's Office. [Official: MARA org chart 11 Aug 2025, conf 75]"
2,Insurers,MCIS Insurance Berhad,"Toh Fellowbcs (Head of Information Security - CISO, Cyber Risks Governance and Compliance) [RocketReach: rocketreach.co]","Toh Fellowbcs (Head of Information Security - CISO, role covers Cyber Risks Governance and Compliance) [RocketReach — GRC covered by CISO role]",Susan Conradie (Chief Financial Officer) [Official: mcis.my],"Nurliana binti Mat Lazim (Chief Risk Officer) [Malaysian Insurance Directory 2025/2026, conf 90]",Norlin Fatima Albakri (Chief Compliance Officer) [Official: mcis.my],Ng Chee Sang (Chief Technology Officer) [Official: mcis.my],Noor Hayati binti Abu Yaziz (Chief Internal Auditor) [Official: mcis.my]
2,Investment Banks,MIDF Amanah Investment Bank Berhad,"Ts. Kathiresan Narayanasamy (SVP, Chief Information Security Officer) [AroundDeal + ZoomInfo: @midf.com.my email, previously CISO at Pos Malaysia. MEDIUM-LOW conf - unverified via web search, not on official MIDF key management page. Verified Jul 2026.]",Nor Azita Binti Sarip (SVP/Head Group Secretarial & Legal) [Official: midf.com.my],"Shahnaz Jammal (Group Chief Financial Officer, MBSB Bank) [Official: mbsb.com/corporate_about_team.html, conf 80 - Group-level]","Laurence Ong Wooi Keat (Group Chief Risk Officer, MBSB Bank) [Official: mbsb.com/corporate_about_team.html, conf 80 - Group-level]",Meor Ibrahim Othman (SVP/Head Group Compliance) [Official: midf.com.my],"Noor Azman Bin Abdul Karim (Group Chief Technology Officer, MBSB Bank) [Official: mbsb.com/corporate_about_team.html, conf 80 - Group-level]",Zanariah Daud (SVP/Head Group Control Assurance) [Official: midf.com.my]
2,Insurers,MSIG Insurance (Malaysia) Bhd,"NOT FOUND [Confirmed Jul 31 2026: MSIG Annual Report 2025 (msig.com.my/media/1gqllqgr/msig_annual_report_2025.pdf) Senior Management page p.10-11 lists 12 SMT members. No CISO role listed. Board member Ms. Gan Bee Lan (former SMT, oversaw Information Security until retirement 2009) chairs Board Compliance & Risk Mgmt Committee. CISO function likely managed at regional/group level (MS&AD Insurance Group). conf 95]",NOT FOUND [Confirmed Jul 31 2026: MSIG Annual Report 2025 Senior Management listing has no GRC head. Board Compliance & Risk Management Committee (Chair: Ms. Gan Bee Lan) oversees GRC at board level. SVP Enterprise Risk Management: Kelvin Hii Chee Yun handles risk function. No dedicated GRC head in management. conf 95],"Soh Lai Sim (COO, also Officer primarily responsible for financial management) [Official: MSIG Annual Report 2025]","Kelvin Hii Chee Yun (SVP, Enterprise Risk Management) [Official: MSIG Malaysia About page msig.com.my/about-msig — Firecrawl JSON extraction Jul 31 2026, 19 management members confirmed; conf 95]",NOT FOUND [Confirmed Jul 31 2026: MSIG Annual Report 2025 Senior Management listing has no Head of Compliance. Compliance function overseen by Board Compliance & Risk Management Committee (Chair: Ms. Gan Bee Lan). No named compliance head in management. conf 95],"Chin Jee Gwan (EVP IT, Digital, Bancassurance & Branding) [Official: MSIG Malaysia About page msig.com.my/about-msig — Firecrawl JSON extraction Jul 31 2026, 19 management members confirmed; conf 95]","NOT FOUND [Confirmed Jul 31 2026: MSIG Annual Report 2025 Senior Management listing has no Head of Internal Audit. Board Audit Committee (Chair: Mr. Lim Tiang Siew, former Group Chief Internal Auditor CIMB) oversees audit at board level. No named internal audit head in management. conf 95]"
2,Investment Banks,Malaysia International Islamic Bank IB,"ENTITY NON-EXISTENT [No match on BNM licensed Islamic banks list (Bank Islam, Bank Muamalat, Maybank Islamic, CIMB Islamic, RHB Islamic, Hong Leong Islamic, AmIslamic, Affin Islamic, Public Bank Islamic, KFH, Bank Rakyat, Agrobank). No BNM/Bursa/SSM record. Likely mislabel or placeholder.]","ENTITY NON-EXISTENT [Entity does not exist as a licensed Islamic bank in Malaysia. Not on BNM-sourced Wikipedia list of 18 licensed Islamic banks. Source: en.wikipedia.org/wiki/List_of_banks_in_Malaysia, conf 0]","ENTITY NON-EXISTENT [Entity does not exist as a licensed Islamic bank in Malaysia. Source: en.wikipedia.org/wiki/List_of_banks_in_Malaysia, conf 0]","ENTITY NON-EXISTENT [Entity does not exist as a licensed Islamic bank in Malaysia. Source: en.wikipedia.org/wiki/List_of_banks_in_Malaysia, conf 0]","ENTITY NON-EXISTENT [Entity does not exist as a licensed Islamic bank in Malaysia. Source: en.wikipedia.org/wiki/List_of_banks_in_Malaysia, conf 0]","ENTITY NON-EXISTENT [Entity does not exist as a licensed Islamic bank in Malaysia. Source: en.wikipedia.org/wiki/List_of_banks_in_Malaysia, conf 0]","ENTITY NON-EXISTENT [Entity does not exist as a licensed Islamic bank in Malaysia. Source: en.wikipedia.org/wiki/List_of_banks_in_Malaysia, conf 0]"
2,Insurers,Manulife Insurance Berhad,"NOT FOUND [Confirmed Aug 2 2026: Manulife Holdings Berhad AR 2024 (60pp PDF) fully extracted via firecrawl — 25 Senior Key Management Personnel listed (pp 14-18, 228), no CISO/Head of InfoSec/Head of Cyber Security at SKM level. CIO Bernard Sia likely oversees IT security. Head Office Management (p228) also lists no CISO.]","Jasbender Kaur (Chief Counsel & Corporate Services Officer, MHB) [Official: Manulife Holdings Berhad AR 2024, Senior Key Management Profile (pp 14-18, 228), conf 85 - Chief Counsel & Corporate Services Officer oversees legal, governance & corporate services for Manulife Holdings Berhad]","Ng Chun Nam (Chief Financial Officer) [Official: Manulife Annual Report 2024, conf 85]","Mohd Naim Mohd Arsad (Chief Risk Officer) [Malaysian Insurance Directory 2025/2026, conf 90]","Senthil Woon Wai Keong (Chief Compliance Officer) [Official: Manulife Holdings Berhad AR 2023 (manulife.com.my AR 2023 Senior Management listing), conf 90 — confirmed in AR 2023 as ""Senthil Woon Wai Keong – Chief Compliance Officer"". CEO: Vibha Hamsi Coburn; Audit Cmte Chair: Vijayam Nadarajah [Official: manulife.com.my board page]]","Bernard Sia (Chief Information Officer) [Official: Manulife Annual Report 2024, conf 85]","Krishna Rajaa Ramalingam (Head of Internal Audit, Audit Services – Malaysia) [Official: Manulife Holdings Berhad AR 2023 (manulife.com.my/content/dam/insurance/my/documents/about-us/investor-relations/48th-agm-2024/Annual Report 2023.pdf), conf 90 — named in AR 2023 Senior Management listing]"
2,Takaful,Manulife Takaful Malaysia Berhad,"NOT FOUND [Confirmed Aug 2 2026: Manulife Holdings Berhad AR 2024 — 25 Senior Key Management Personnel listed, no CISO role. Management shared with Manulife Insurance Berhad. CIO Bernard Sia likely oversees IT security.]","Jasbender Kaur (Chief Counsel & Corporate Services Officer, MHB - management shared) [Official: Manulife Holdings Berhad AR 2024, conf 85 - shared management with Manulife Insurance Berhad]","Ng Chun Nam (Chief Financial Officer, Manulife Insurance Berhad - management shared) [Official: Manulife Annual Report 2024, conf 85]","Mohd Naim Bin Mohd Arsad (Chief Risk Officer, Manulife Insurance Berhad - management shared) [Official: Manulife Holdings Berhad Annual Report 2025, p.13 Key Senior Management's Profile, conf 85]","Senthil Woon Wai Keong (Chief Compliance Officer, Manulife Insurance Berhad - management shared) [Official: Manulife Holdings Berhad Annual Report 2025, p.13 Key Senior Management's Profile, conf 85]","Bernard Sia (Chief Information Officer, Manulife Insurance Berhad - management shared) [Official: Manulife Annual Report 2024, conf 85]","Krishna Rajaa Ramalingam (Head of Audit Services - Malaysia) [Official: Manulife Holdings Berhad Annual Report 2025, p.91 Group Audit Committee Report, conf 90 - CIA, FAIA. Scope covers all Manulife Malaysia entities including Takaful]"
5,GLC-Linked,Maybank (Khazanah-linked),"DUPLICATE OF MAYBANK BERHAD [Already at 7/7 in DB. This ""Khazanah-linked"" entry is the same entity (Khazanah holds ~11.5% of Maybank). Recommend removing row or marking as duplicate. Do NOT re-research.]",Mohamed Rezwan Abdullah Ismail (Group CRO) + Inn Yiow (Group CCO) [Group-level: Maybank] [DUPLICATE: Same as Maybank Berhad],Shafiq Abdul Jabbar [DUPLICATE: Same as Maybank Berhad],Mohamed Rezwan Abdullah Ismail [DUPLICATE: Same as Maybank Berhad],Inn Yiow (Group Chief Compliance Officer) [RocketReach/ZoomInfo] [DUPLICATE: Same as Maybank Berhad],Giorgio Migliarina (Group Chief Technology & Digital Officer) [DUPLICATE: Same as Maybank Berhad],Azian Ismail (Chief Audit Executive) [TheOrg] [DUPLICATE: Same as Maybank Berhad]
1,Licensed Banks,Maybank Berhad,Devinder Singh (Group CISO) [LinkedIn/The Org],Mohamed Rezwan Abdullah Ismail (Group CRO) + Inn Yiow (Group CCO) [Group-level: Maybank],Shafiq Abdul Jabbar,Mohamed Rezwan Abdullah Ismail,Inn Yiow (Group Chief Compliance Officer) [RocketReach/ZoomInfo],Giorgio Migliarina (Group Chief Technology & Digital Officer),Azian Ismail (Chief Audit Executive) [TheOrg]
4,Card Schemes,Maybank Cash & Go Prepaid Card,Devinder Singh (Group CISO) [LinkedIn/The Org] [INHERITED from Maybank Berhad - product brand governance],Mohamed Rezwan Abdullah Ismail (Group CRO) + Inn Yiow (Group CCO) [Group-level: Maybank] [INHERITED from Maybank Berhad - product brand governance],Shafiq Abdul Jabbar [INHERITED from Maybank Berhad - product brand governance],Mohamed Rezwan Abdullah Ismail [INHERITED from Maybank Berhad - product brand governance],Inn Yiow (Group Chief Compliance Officer) [RocketReach/ZoomInfo] [INHERITED from Maybank Berhad - product brand governance],Giorgio Migliarina (Group Chief Technology & Digital Officer) [INHERITED from Maybank Berhad - product brand governance],Azian Ismail (Chief Audit Executive) [TheOrg] [INHERITED from Maybank Berhad - product brand governance]
2,Investment Banks,Maybank Investment Bank Berhad,"Devinder Singh (Group CISO) [Group-level: Maybank, Official: maybank2u.com.my + LinkedIn/The Org, conf 85 - CISO function shared with Maybank group per SORMIC FY2023]",Cheryl Cheng Siew Ying (CRO) + Farhan Nor Diyana Samsudin (CCO) [Composite - GRC function split between Risk and Compliance at Maybank IB level; no dedicated GRC head. Group-level Maybank has Ho Mun Wah as Head of GRC but not at IB subsidiary. CRO and CCO confirmed via Maybank IB SORMIC FY2023.],"Ezrina Mahadzir (CFO, appointed 1 Apr 2021) [Official: maybank2u.com.my]","Cheryl Cheng Siew Ying (CRO, appointed 1 Jan 2021) [Official: maybank2u.com.my]","Farhan Nor Diyana Samsudin (Chief Compliance Officer, Maybank Investment Bank Berhad) [Official: Maybank IB SORMIC FY2023 (Statement on Risk Management and Internal Control, FY ended 31 Dec 2023) — ""Reviewed and cleared by: Group Audit Compliance: Farhan Nor Diyana Samsudin, Chief Compliance Officer, Maybank Investment Bank Berhad""; maybank2u.com.my iwov-resources PDF, conf 90]","Adrian Tan Kai Thern (Head of IT, joined 25 Apr 2022) [Official: maybank2u.com.my]","Rafirah Muhammad Arif (Chief Audit Executive, Maybank Investment Bank Berhad) [Official: Maybank IB SORMIC FY2023 — ""The GCAE is assisted by Puan Rafirah Muhammad Arif, the Chief Audit Executive (CAE) appointed to oversee the IA function of Maybank IB""; Certified Fraud Examiner, 13 years capital market experience; maybank2u.com.my iwov-resources PDF, conf 90]"
1,Licensed Banks,Maybank Islamic Berhad,Devinder Singh (Group CISO) [Group-level: Maybank],Mohamed Rezwan Abdullah Ismail (Group CRO) [Group-level: Maybank],Shafiq Abdul Jabbar (Group CFO) [Group-level: Maybank],Mohamed Rezwan Abdullah Ismail (Group CRO) [Group-level: Maybank],Inn Yiow (Group Chief Compliance Officer) [Group-level: Maybank],Giorgio Migliarina (Group Chief Technology & Digital Officer) [Group-level: Maybank],"Malique Firdauz Ahmad Sidique (Group Chief Audit Executive, Maybank Group) [Official: freemalaysiatoday.com, conf 85 - Group-level, effective Oct 2025]"
4,Card Schemes,Maybank Singapore Airlines Enrich Card,Devinder Singh (Group CISO) [LinkedIn/The Org] [INHERITED from Maybank Berhad - product brand governance],Mohamed Rezwan Abdullah Ismail (Group CRO) + Inn Yiow (Group CCO) [Group-level: Maybank] [INHERITED from Maybank Berhad - product brand governance],Shafiq Abdul Jabbar [INHERITED from Maybank Berhad - product brand governance],Mohamed Rezwan Abdullah Ismail [INHERITED from Maybank Berhad - product brand governance],Inn Yiow (Group Chief Compliance Officer) [RocketReach/ZoomInfo] [INHERITED from Maybank Berhad - product brand governance],Giorgio Migliarina (Group Chief Technology & Digital Officer) [INHERITED from Maybank Berhad - product brand governance],Azian Ismail (Chief Audit Executive) [TheOrg] [INHERITED from Maybank Berhad - product brand governance]
4,Payment Operators,Me2U (by PayNet),"Meling Mudin (Chief Information Security Officer, PayNet group) [Inherited from PayNet parent per v5.5 leadership-inheritance precedent. Source: Star Cybersecurity Summit 2025 speaker page + LinkedIn + ZoomInfo; conf 95]","Not publicly disclosed on PayNet leadership page [Official: paynet.my/about-us/corporate-profile/leadership.html — as of Jul 2026, conf 40]","Tan Wei Tze (Chief Financial Officer, PayNet) [PayNet leadership - Me2U is a PayNet product, inherited, conf 80 CAVEAT: Me2U not listed on official PayNet 10 named services; may be Maybank2u feature mislabeled.]","Not publicly disclosed on PayNet leadership page [Official: paynet.my/about-us/corporate-profile/leadership.html — as of Jul 2026, conf 40]","Not publicly disclosed on PayNet leadership page [Official: paynet.my/about-us/corporate-profile/leadership.html — as of Jul 2026, conf 40]","Teh Lip Guan (Chief Technology Officer, PayNet) [PayNet leadership - Me2U is a PayNet product, inherited, conf 80 CAVEAT: Me2U not listed on official PayNet 10 named services; may be Maybank2u feature mislabeled.]","Not publicly disclosed on PayNet leadership page [Official: paynet.my/about-us/corporate-profile/leadership.html — as of Jul 2026, conf 40]"
1,Licensed Banks,Mizuho Bank (Malaysia) Berhad,Noorhisham Rusmani,"NOT FOUND [Confirmed Aug 2026 via Mizuho MY Audited Financial Statements FY2025 (146pp) + Pillar 3 Disclosures FY2025 (43pp) + Profile of Directors PDF + Board Committees Composition PDF. CEO: Toshiharu Fujiwara (ED/CEO, CEO since 21 Aug 2023, Board since 23 May 2025). Board: Dato' Dr. Zaha Rina binti Zahari (Chairman/INED), Abdul Khalil bin Abdul Hamid (INED), Lim Kim Seng (INED), Guan Yeow Kwang (NINED). Financial statements mention ""Chief Compliance Officer (CCO)"", ""Chief Internal Auditor (CIA)"", ""Chief Risk Officer (CRO)"" by TITLE ONLY, no names. UNVERIFIED LEAD: Lit Thong (possibly ""Chief Compliance Officer"", RocketReach snippet, conf 35 — could not verify).]","Toshiharu Fujiwara (CEO, also Officer primarily responsible for financial management)|Chief Executive Officer / CFO|95|https://cdn.prod.website-files.com/67cb23eaf0c6c4d4080e059a/68eff8dcf5a47e0f072563ab_audited-financial-statements-for-the-financial-year-ended-31-march-2025.pdf|Mizuho Bank Malaysia FY2025 Annual Report (FYE 31 March 2025): 'I, Toshiharu Fujiwara, the officer primarily responsible for the financial management of Mizuho Bank (Malaysia) Berhad'. CEO also serves as CFO per statutory declaration. U.S. CPA, Waseda University. [Official Annual Report FY2025, conf 95]","Linda Loh|Chief Risk Officer|85|https://rocketreach.co/linda-loh-email_111019846|Chief Risk Officer at Mizuho Bank (Malaysia) Berhad, KL. Previously at Hong Leong Bank. MBA Finance, University of Malaya. [LinkedIn + RocketReach, conf 85]","NOT FOUND [Confirmed Aug 2026 via Mizuho MY Audited Financial Statements FY2025 (146pp) + Pillar 3 Disclosures FY2025 (43pp) + Profile of Directors PDF + Board Committees Composition PDF. CEO: Toshiharu Fujiwara (ED/CEO, CEO since 21 Aug 2023, Board since 23 May 2025). Board: Dato' Dr. Zaha Rina binti Zahari (Chairman/INED), Abdul Khalil bin Abdul Hamid (INED), Lim Kim Seng (INED), Guan Yeow Kwang (NINED). Financial statements mention ""Chief Compliance Officer (CCO)"", ""Chief Internal Auditor (CIA)"", ""Chief Risk Officer (CRO)"" by TITLE ONLY, no names. UNVERIFIED LEAD: Lit Thong (possibly ""Chief Compliance Officer"", RocketReach snippet, conf 35 — could not verify).] UNVERIFIED LEAD: Lit Thong (RocketReach snippet, conf 35, unverified).","NOT FOUND [Confirmed Aug 2026 via Mizuho MY Audited Financial Statements FY2025 (146pp) + Pillar 3 Disclosures FY2025 (43pp) + Profile of Directors PDF + Board Committees Composition PDF. CEO: Toshiharu Fujiwara (ED/CEO, CEO since 21 Aug 2023, Board since 23 May 2025). Board: Dato' Dr. Zaha Rina binti Zahari (Chairman/INED), Abdul Khalil bin Abdul Hamid (INED), Lim Kim Seng (INED), Guan Yeow Kwang (NINED). Financial statements mention ""Chief Compliance Officer (CCO)"", ""Chief Internal Auditor (CIA)"", ""Chief Risk Officer (CRO)"" by TITLE ONLY, no names. UNVERIFIED LEAD: Lit Thong (possibly ""Chief Compliance Officer"", RocketReach snippet, conf 35 — could not verify).]","Lim Kim Seng (Chairman of Board Audit Committee) [Official: Mizuho MY Profile of Directors PDF + Board & Board Committees Composition PDF, conf 80 — board-level oversight. Chief Internal Auditor (CIA) management position referenced in Audited FS but explicitly not named. Lim Kim Seng is qualified CA (ICAS), ex-Group Chief Internal Auditor of Hong Leong Bank (retired 2014).]"
3,MSBs,Money Match Sdn Bhd,,,,,,,
3,MSBs,MoneyMatch Sdn Bhd,"Poorya (Chief Information & Security Officer) [Official: moneymatch.co/about-us, conf 90 - note: first name only displayed]","NOT FOUND [Confirmed via official moneymatch.co/about-us (15 leaders listed: CEO Adrian Yap, Co-Founder Naysan Munusamy, Chairman Azran Osman-Rani, COO Haddy Rohan Zulkifli, CFO Anees Aisyah, CPO Ashdave, CISO Poorya, CTO Jerry Chee, Head of Compliance Thavalogan + 5 others) - no dedicated GRC role. GRC function combined under Head of Compliance (Thavalogan).]","Anees Aisyah (Chief Financial Officer) [Official: moneymatch.co/about-us, conf 92]","NOT FOUND [Confirmed via official moneymatch.co/about-us (15 leaders listed: CEO Adrian Yap, Co-Founder Naysan Munusamy, Chairman Azran Osman-Rani, COO Haddy Rohan Zulkifli, CFO Anees Aisyah, CPO Ashdave, CISO Poorya, CTO Jerry Chee, Head of Compliance Thavalogan + 5 others) - no dedicated CRO role. Risk function distributed across CEO, COO, and Head of Compliance.]","Thavalogan (Head of Compliance) [Official: moneymatch.co/about-us, conf 88 - note: first name only displayed]","Jerry Chee (Chief Technology Officer) [Official: moneymatch.co/about-us, conf 92]","NOT FOUND [Confirmed via official moneymatch.co/about-us (15 leaders listed: CEO Adrian Yap, Co-Founder Naysan Munusamy, Chairman Azran Osman-Rani, COO Haddy Rohan Zulkifli, CFO Anees Aisyah, CPO Ashdave, CISO Poorya, CTO Jerry Chee, Head of Compliance Thavalogan + 5 others) - no dedicated Internal Audit role. As BNM-licensed MSB, IA required but may be outsourced.]"
1,Licensed Banks,OCBC Bank (Malaysia) Berhad,Dominic Yew,Dr Priya Ranjan Sharma (CRO) + Doreen Keng Chun Ching (Compliance) [Group-level: OCBC],Ms Teoh Yin Meng,Dr Priya Ranjan Sharma,Ms Doreen Keng Chun Ching,Mr Hong Hee Loon (Head of Technology),Mr Victor Ong Hock Seng
5,GLC-Linked,PNB Capital Berhad,"Aishah Farha Mohd Raih (PNB Group CISO, inherited) [LinkedIn: my.linkedin.com/in/aishah-farha-mohd-raih-a22034b; conf 85]","Sahlawati Mustafa (Group Head, Compliance & Integrity) [pnb.com.my, HIGH-90] [INHERITED from PNB - product brand governance]","Mohd Irwan Ahmad Mustafa (Group Chief Strategy & Financial Officer) [pnb.com.my, HIGH-90] [INHERITED from PNB - product brand governance]","Mohd Azmir Mohd Jani (Chief Risk Officer) [pnb.com.my, HIGH-90] [INHERITED from PNB - product brand governance]","Sahlawati Mustafa (Group Head, Compliance & Integrity) [pnb.com.my, HIGH-90] [INHERITED from PNB - product brand governance]","Ts Izzat Aziz (Group Chief Technology Officer, PNB Group) [PNB Integrated Report 2024 / pnb.com.my/en/leadership-en, conf 90 - PNB Group CTO, won PIKOM CIO of the Year Award for AI Adoption] [INHERITED from PNB - product brand governance]","Noramly Bachok @ Abdul Aziz (Group Head, Internal Audit) [pnb.com.my, HIGH-90] [INHERITED from PNB - product brand governance]"
5,GLC-Linked,PNB Equity Fund Berhad,"Aishah Farha Mohd Raih (PNB Group CISO, inherited) [LinkedIn: my.linkedin.com/in/aishah-farha-mohd-raih-a22034b; conf 85]","Sahlawati Mustafa (Group Head, Compliance & Integrity) [pnb.com.my, HIGH-90] [INHERITED from PNB - product brand governance]","Mohd Irwan Ahmad Mustafa (Group Chief Strategy & Financial Officer) [pnb.com.my, HIGH-90] [INHERITED from PNB - product brand governance]","Mohd Azmir Mohd Jani (Chief Risk Officer) [pnb.com.my, HIGH-90] [INHERITED from PNB - product brand governance]","Sahlawati Mustafa (Group Head, Compliance & Integrity) [pnb.com.my, HIGH-90] [INHERITED from PNB - product brand governance]","Ts Izzat Aziz (Group Chief Technology Officer, PNB Group) [PNB Integrated Report 2024 / pnb.com.my/en/leadership-en, conf 90 - PNB Group CTO, won PIKOM CIO of the Year Award for AI Adoption] [INHERITED from PNB - product brand governance]","Noramly Bachok @ Abdul Aziz (Group Head, Internal Audit) [pnb.com.my, HIGH-90] [INHERITED from PNB - product brand governance]"
5,GLC-Linked,PNB Income Fund Berhad,"ENTITY LIKELY NON-EXISTENT [No evidence on pnb.com.my or ASNB fund listing (18 unit trust funds, none named ""PNB Income Fund""). PNB Capital and PNB Equity Fund previously confirmed non-existent. Recommend removal or marking as non-existent.]",NOT FOUND [PNB Income Fund Berhad is a PNB subsidiary. No public C-suite leadership data for target roles. Functions likely handled at PNB group level. conf 85],NOT FOUND — PNB Income Fund is a sub-entity of PNB; CFO function likely shared with PNB group finance [conf 90],NOT FOUND — PNB Income Fund is a sub-entity of PNB; CRO function managed at PNB group level [conf 90],NOT FOUND — PNB Income Fund is a sub-entity of PNB; compliance function managed at PNB group level [conf 90],NOT FOUND [PNB Income Fund Berhad is a PNB subsidiary. No public C-suite leadership data for target roles. Functions likely handled at PNB group level. conf 85],NOT FOUND — PNB Income Fund is a sub-entity of PNB; internal audit managed at PNB group level [conf 90]
3,Development FIs,PUNB,"NOT FOUND - Confirmed absence. PUNB organization page (punb.com.my/our-organization) lists Board, CEO (Izwan Zainuddin), 3 GMs, and 3 governance heads. No CISO/Head of Information Security listed. PUNB is a small development FI (Tier 3) with limited IT security function. [Official: punb.com.my/our-organization, conf 90]","Ahmad Faisal Mohd Basir (Head, Company Secretary & Governance) [Official: punb.com.my]","Azman Abdullah (General Manager, Finance & Transformation Division) [Official: punb.com.my]","Mohd Sulaiman Khazali (Head, Internal Audit & Risk Management) [Official: punb.com.my]","Norasyikin Mansor (Head, Legal Affairs) [Official: punb.com.my]","NOT FOUND - Confirmed absence. No CIO/Head of IT listed on PUNB organization page. IT function likely managed under Operations Division (GM: Fauzi Zakaria). [Official: punb.com.my/our-organization, conf 90]","Mohd Sulaiman Khazali (Head, Internal Audit & Risk Management) [Official: punb.com.my]"
4,Payment Operators,PayDirect (by PayNet),"Meling Mudin (Chief Information Security Officer, PayNet group) [Inherited from PayNet parent per v5.5 leadership-inheritance precedent. Source: Star Cybersecurity Summit 2025 speaker page + LinkedIn + ZoomInfo; conf 95]","Not publicly disclosed on PayNet leadership page [Official: paynet.my/about-us/corporate-profile/leadership.html — as of Jul 2026, conf 40]","Tan Wei Tze (Chief Financial Officer, PayNet) [PayNet leadership - PayDirect = PayNet ""DirectDebit"" service, inherited, conf 85]","Not publicly disclosed on PayNet leadership page [Official: paynet.my/about-us/corporate-profile/leadership.html — as of Jul 2026, conf 40]","Not publicly disclosed on PayNet leadership page [Official: paynet.my/about-us/corporate-profile/leadership.html — as of Jul 2026, conf 40]","Teh Lip Guan (Chief Technology Officer, PayNet) [PayNet leadership - PayDirect = PayNet ""DirectDebit"" service, inherited, conf 85]","Not publicly disclosed on PayNet leadership page [Official: paynet.my/about-us/corporate-profile/leadership.html — as of Jul 2026, conf 40]"
4,Payment Operators,PayNet (PayNet Malaysia Sdn Bhd),"Meling Mudin (Chief Information Security Officer, Payments Network Malaysia Sdn. Bhd.) [Source: Star Cybersecurity Summit 2025 speaker page (conference.thestar.com.my/cybersecuritysummit/speaker/meling-mudin, May 2025) + LinkedIn (my.linkedin.com/in/spoonfork) + ZoomInfo + Datanyze; conf 95 — not on official leadership page but confirmed via 5 independent secondary sources including industry conference bio]","Not publicly disclosed on PayNet leadership page [Official: paynet.my/about-us/corporate-profile/leadership.html — as of Jul 2026, conf 40]","Tan Wei Tze (Chief Financial Officer) [Official: paynet.my/about-us/corporate-profile/leadership.html, conf 95] Confirmed Aug 2026 via official PayNet leadership page.]","Not publicly disclosed on PayNet leadership page [Official: paynet.my/about-us/corporate-profile/leadership.html — as of Jul 2026, conf 40]","Not publicly disclosed on PayNet leadership page [Official: paynet.my/about-us/corporate-profile/leadership.html — as of Jul 2026, conf 40]","Teh Lip Guan (Chief Technology Officer) [Official: paynet.my/about-us/corporate-profile/leadership.html, conf 95] Confirmed Aug 2026 via official PayNet leadership page.]","Not publicly disclosed on PayNet leadership page [Official: paynet.my/about-us/corporate-profile/leadership.html — as of Jul 2026, conf 40]"
4,Card Schemes,PayNet Card (by PayNet),"Meling Mudin (Chief Information Security Officer, PayNet group) [Inherited from PayNet parent per v5.5 leadership-inheritance precedent. Source: Star Cybersecurity Summit 2025 speaker page + LinkedIn + ZoomInfo; conf 95]","Not publicly disclosed on PayNet leadership page [Official: paynet.my/about-us/corporate-profile/leadership.html — as of Jul 2026, conf 40]","Tan Wei Tze (Chief Financial Officer, PayNet) [PayNet leadership - PayNet Card = PayNet ""MyDebit"" domestic debit card scheme, inherited, conf 85]","Not publicly disclosed on PayNet leadership page [Official: paynet.my/about-us/corporate-profile/leadership.html — as of Jul 2026, conf 40]","Not publicly disclosed on PayNet leadership page [Official: paynet.my/about-us/corporate-profile/leadership.html — as of Jul 2026, conf 40]","Teh Lip Guan (Chief Technology Officer, PayNet) [PayNet leadership - PayNet Card = PayNet ""MyDebit"" domestic debit card scheme, inherited, conf 85]","Not publicly disclosed on PayNet leadership page [Official: paynet.my/about-us/corporate-profile/leadership.html — as of Jul 2026, conf 40]"
5,GLC-Linked,Penang State Development Corporation (PSDC),"NOT FOUND [Entity correction: correct name is Penang Development Corporation (PDC) - pdc.gov.my. CEO confirmed: Dato' Abdul Latiff bin Abd Aziz (pdc.gov.my, conf 95). Org chart is JPEG image (not text-extractable). 0/7 target roles - management team not publicly listed.]",NOT FOUND [PSDC is a state government entity. No public C-suite leadership data for target roles. conf 85],NOT FOUND [PSDC is a state government entity. No public C-suite leadership data for target roles. conf 85],NOT FOUND [PSDC is a state government entity. No public C-suite leadership data for target roles. conf 85],NOT FOUND [PSDC is a state government entity. No public C-suite leadership data for target roles. conf 85],NOT FOUND [PSDC is a state government entity. No public C-suite leadership data for target roles. conf 85],NOT FOUND [PSDC is a state government entity. No public C-suite leadership data for target roles. conf 85]
5,GLC-Linked,Permodalan BSN Berhad (PBSNB),"NOT FOUND [Confirmed via official pbsn.com.my/management-team/ (7-person team: CEO Heddy Humaizi Hussain, COO Eugene Chew Boon Chye, Head of Finance&HR Suzylah Mohamed Noor, Head of Investment Mohd Irwan Wahed, Head of Transaction Services Mohd Hamdi Mohd Khir, Head of Sales Sany Tee, Head of Risk&Compliance Wong Ching Fai) - no dedicated CISO role. IT security managed at BSN group level.]","Wong Ching Fai @ Christopher (Head of Risk and Compliance) [Official: pbsn.com.my/staff/wong-ching-fai-christopher/, conf 90 - same person as CRO and Compliance; combined Risk and Compliance title functionally covers GRC]","Suzylah Mohamed Noor (Head of Finance and HR Shared Services) [Official: pbsn.com.my/management-team/, conf 90]","Wong Ching Fai @ Christopher (Head of Risk and Compliance) [Official: pbsn.com.my/management-team/, conf 95]","Wong Ching Fai @ Christopher (Head of Risk and Compliance) [Official: pbsn.com.my/management-team/, conf 95]","NOT FOUND [Confirmed via official pbsn.com.my/management-team/ (7-person team: CEO Heddy Humaizi Hussain, COO Eugene Chew Boon Chye, Head of Finance&HR Suzylah Mohamed Noor, Head of Investment Mohd Irwan Wahed, Head of Transaction Services Mohd Hamdi Mohd Khir, Head of Sales Sany Tee, Head of Risk&Compliance Wong Ching Fai) - no dedicated CIO/IT role. IT managed at BSN group level.]","NOT FOUND [Confirmed via official pbsn.com.my/management-team/ (7-person team: CEO Heddy Humaizi Hussain, COO Eugene Chew Boon Chye, Head of Finance&HR Suzylah Mohamed Noor, Head of Investment Mohd Irwan Wahed, Head of Transaction Services Mohd Hamdi Mohd Khir, Head of Sales Sany Tee, Head of Risk&Compliance Wong Ching Fai) - no dedicated Internal Audit role. IA provided by BSN group or external auditor.]"
5,GLC-Linked,Permodalan Nasional Berhad (PNB),"Aishah Farha Mohd Raih (CISO) [LinkedIn: my.linkedin.com/in/aishah-farha-mohd-raih-a22034b; speaker at GITEX AI ASIA, Bursa Malaysia panel; CISA+CFCP certified; PNB confirmed as current org, conf 90]","Sahlawati Mustafa (Group Head, Compliance & Integrity) [pnb.com.my, HIGH-90]","Mohd Irwan Ahmad Mustafa (Group Chief Strategy & Financial Officer) [pnb.com.my, HIGH-90]","Mohd Azmir Mohd Jani (Chief Risk Officer) [pnb.com.my, HIGH-90]","Sahlawati Mustafa (Group Head, Compliance & Integrity) [pnb.com.my, HIGH-90]","Ts Izzat Aziz (Group Chief Technology Officer, PNB Group) [PNB Integrated Report 2024 / pnb.com.my/en/leadership-en, conf 90 - PNB Group CTO, won PIKOM CIO of the Year Award for AI Adoption]","Noramly Bachok @ Abdul Aziz (Group Head, Internal Audit) [pnb.com.my, HIGH-90]"
5,GLC-Linked,Permodalan Negeri Selangor Berhad (PNSB),"NOT FOUND [Confirmed via pnsb.com.my/info-korporat/ - no CISO in 10-person management team. PNSB is property dev company, IT security outsourced.]","Mohammed Hanafi Bin Muhi (Senior Manager – Integrity, Audit & Governance) [Official: pnsb.com.my/info-korporat/, conf 90]","Ahmad Zamwawi Bin Ahmad Nazari (Senior General Manager – Finance) [Official: pnsb.com.my/info-korporat/, conf 95]","Mohammed Hanafi Bin Muhi (Senior Manager - Integriti, Audit & Governans) [Official: pnsb.com.my/info-korporat/, conf 80 - Integrity function in Malaysian GLCs typically subsumes enterprise risk; same person as Head of GRC and IA]","Mohammed Hanafi Bin Muhi (Senior Manager - Integriti, Audit & Governans) [Official: pnsb.com.my/info-korporat/, conf 75 - Integriti (Integrity) function in Malaysian GLCs typically includes compliance; same person as Head of GRC and CRO]","NOT FOUND [Confirmed via pnsb.com.my/info-korporat/ - no CIO in 10-person team. PNSB is property dev, IT managed externally.]","Mohammed Hanafi Bin Muhi (Senior Manager – Integrity, Audit & Governance) [Official: pnsb.com.my/info-korporat/, conf 95]"
2,Investment Banks,Phillip Securities (Malaysia) Sdn Bhd,"NOT FOUND [PhillipCapital Malaysia page names Group MD Andy Lim, IT Director Yorck Oliver Ago Reuber, but no CISO. CISO likely centralized at PhillipCapital group HQ (Singapore).]","NOT FOUND - No dedicated GRC head; combined under Ramli Abd Hamid (Head of Legal, Compliance & Risk Management) [Official: phillipinvest.com.my/the-management-team/, conf 95]","Alina Sim (HOD Finance / CFO) [Official: phillipinvest.com.my/the-management-team/, conf 95]","Ramli Abd Hamid (Head of Legal, Compliance & Risk Management) [Official: phillipinvest.com.my/the-management-team/, conf 95 - combined Legal/Compliance/Risk role]","Ramli Abd Hamid (Head of Legal, Compliance & Risk Management) [Official: phillipinvest.com.my/the-management-team/, conf 95 - combined role]","Yorck Oliver Ago Reuber (IT Director) [Official: phillipinvest.com.my/the-management-team/, conf 95]","Fatin Fitriana Amran (Head of Internal Audit) [Official: phillipinvest.com.my/the-management-team/, conf 95]"
2,Insurers,Prudential Assurance Malaysia Berhad,"Tan Chia Chee (Head, Information Security Officer) [Contactout aggregator: contactout.com/tan-chia-chee-99124, conf 45 - UNVERIFIED LEAD]. Listed as ""Head, Information Security Officer at Prudential Assurance Malaysia Berhad, May 2024 to Present"". Could NOT verify via Prudential official leadership page (only lists Board, not executives). Contactout page blocked by Cloudflare on re-verification. REQUIRES LinkedIn / official confirmation.",Kamarul Hisham (CRO) + Idariah Idris (Compliance) [Composite],Ankur Bassi (Chief Financial Officer) [LinkedIn + TheOfficialBoard],Kamarul Hisham (Chief Risk Officer) [RocketReach],Idariah Idris (Head of Compliance) [RocketReach],Chen Liaw (Chief Technology Officer) [RocketReach: rocketreach.co],"Rohini Maniam (Country Head of Audit Malaysia / Senior Director, Group Audits) [LinkedIn: my.linkedin.com/in/rohini-maniam-71852027, conf 40 - UNVERIFIED LEAD]. LinkedIn profile title shows ""Prudential plc"" (UK parent). Title may be group-level rather than entity-specific (Prudential Assurance Malaysia Berhad). Official Prudential Malaysia leadership page does not list executives below Board. REQUIRES official source confirmation."
2,Takaful,Prudential BSN Takaful Berhad,"Eng Fun Darren See (CISO / Head of Technology Risk) [LinkedIn: my.linkedin.com/in/eng-fun-darren-see-02251714 — confirmed Jul 2026. PruBSN 2025 FS mentions ""Head of Technology Risk""; LinkedIn profile confirms CISO/Head of Technology Risk role. Conf 75]","CEO: Wan Ismail (CEO) [RocketReach]; Zanariah Zahari (Director, Compliance) [RocketReach]; 12 executives per theofficialboard including Saifulrizal Ismail, Kelvin Wong (CFO), Ahmir Ud Deen [theofficialboard.com]","Kelvin Wong (Chief Financial Officer) [Official: prubsn.com.my/en/about-us/about-prubsn/our-leaders, conf 95 — confirmed on official ExCo page as of Jul 2026]","Anita Menon|Chief Risk Officer|80|https://theorg.com/org/prudential-bsn-takaful-berhad/org-chart/anita-menon-acma|REINSTATED from v5.23 STALE note. Anita Menon confirmed CURRENT CRO via 4 independent sources: (1) TheOrg ""joined PruBSN as CRO in 2012, a position they hold to this day""; (2) LeadIQ (May 2026) ""Chief Risk Officer: A.M.A."" (= Anita Menon ACMA); (3) ContactOut ""Anita Menon Acma Chief Risk Officer""; (4) TheOfficialBoard bio. Prior v5.23 note (""not on current ExCo scrape, may have departed"") was over-pessimistic - CRO is not on the ExCo page subset. Multi-source cross-referenced, present-tense confirmation.","Anita Menon|Chief Risk Officer / Chief Compliance Officer (combined role)|70|https://theorg.com/org/prudential-bsn-takaful-berhad/org-chart/anita-menon-acma|Inferred combined role: PruBSN 2025 Audited FS references a single combined ""Chief Risk Officer (CRO) / Chief Compliance Officer"" position. Anita Menon confirmed as CRO (multi-source, conf 80) -> holds combined CRO/CCO role. No separate Chief Compliance Officer listed in TheOrg, LeadIQ, or ContactOut. Confidence 70 (inference from FS combined-role reference + CRO confirmation).",NOT FOUND — Confirmed Jul 2026: PruBSN leadership page scraped. No CIO/CTO listed among senior management. IT function may be shared with Prudential Malaysia or managed at group level. conf 85,NOT FOUND — Confirmed Jul 2026: PruBSN leadership page scraped. No Head of Internal Audit listed among senior management. Internal audit may be shared with Prudential Malaysia or managed at group level. conf 85
1,Licensed Banks,Public Bank Berhad,"Irene Deng (CISO) [RocketReach: rocketreach.co/irene-deng-email_276190689; prev Maybank+ACS Malaysia; Univ of Malaya, conf 65]",Loh Jasmine (CRO) + Tan Shien Doon (Compliance) [Group-level composite],Yik Sook Ling (CFO),Loh Jasmine (CRO),Tan Shien Doon (CCO,Public Bank Group) [Official: publicbankgroup.com],Fam Yoke Fong (Senior GM
2,Investment Banks,Public Investment Bank Berhad,"Irene Deng (Group CISO) [Group-level: Public Bank; RocketReach, conf 60]",Jasmine Loh Sook Ling (CRO) + Tan Shien Doon (Compliance) [Group-level composite],"Yik Sook Ling (CFO, Public Bank Group) [Official: publicbankgroup.com]","Jasmine Loh Sook Ling (CRO, Public Bank Group) [Official: publicbankgroup.com]","Tan Shien Doon (CCO, Public Bank Group) [Official: publicbankgroup.com]","Fam Yoke Fong (Senior GM, IT, Public Bank Group) [Official: publicbankgroup.com]","Lim Then Fui (Group Chief Internal Auditor, Public Bank Group) [Official: publicbankgroup.com]"
1,Licensed Banks,Public Islamic Bank Berhad,"Irene Deng (Group CISO) [Group-level: Public Bank; RocketReach, conf 60]",Loh Jasmine (CRO) + Tan Shien Doon (Compliance) [Group-level composite],Yik Sook Ling (CFO) [Group-level: Public Bank],Loh Jasmine (CRO) [Group-level: Public Bank],Tan Shien Doon (CCO) [Group-level: Public Bank],"Fam Yoke Fong (Senior GM, IT) [Group-level: Public Bank]",Lim Then Fui (Group Chief Internal Auditor) [Group-level: Public Bank]
2,Insurers,QBE Insurance (Malaysia) Sdn Bhd,"NOT FOUND [Confirmed Jul 31 2026: QBE Malaysia website (qbe.com/my/) blocked by antibot. Known execs: Head of Risk (Mohd Farid), Head of Compliance (Jaysree Kaliappan), Head of Finance (Vivien Wong), Head of Risk & Compliance Asia (Jeyasakthi Ratnasingam). No CISO publicly listed. CISO function likely managed at QBE Asia/regional level. conf 90]","Jeyasakthi Ratnasingam (Head of Risk & Compliance for Asia, since Nov 2024, Intl Diploma in GRC) [Official: QBE Annual Report 2024, conf 90]","Vivien Wong (Head of Finance, joined May 2026, 25+ yrs finance leadership, CPA Australia & MIA) [Official: qbe.com/my/about-qbe/executive-team]","Mohd Farid Bin Othman (Head of Risk, joined Dec 2018, 20+ yrs internal audit/risk, MIA member) [Official: qbe.com/my/about-qbe/executive-team]","Jaysree Kaliappan (Head of Compliance, joined Jul 2025, 14+ yrs compliance/operational risk, ICA Intl Diploma in GRC) [Official: qbe.com/my/about-qbe/executive-team]",NOT FOUND [Confirmed Jul 31 2026: QBE Malaysia website blocked by antibot. No CIO/CTO identified in public sources. IT function likely managed at QBE Asia/regional level. conf 90],NOT FOUND [Confirmed Jul 31 2026: QBE Malaysia website blocked by antibot. Head of Internal Audit not publicly listed. Internal audit function likely managed at QBE Asia/regional level. conf 85]
1,Licensed Banks,RHB Bank Berhad,Soon Yap (CISO) [LinkedIn],Azman Shah Md Yaman (Group Chief Legal & Governance Officer),Mohamed Bin Rastam Shahrom (Group CFO),Dr Chong Han Hwee (Group CRO),Fazlina Mohamed Ghazalli (Group CCO),Wong Kwang Leh (Group CTO),Tan Boon Ching (Group Chief Internal Auditor)
2,Investment Banks,RHB Investment Bank Berhad,Soon Yap (CISO) [Group-level: RHB],Azman Shah Md Yaman (Group Chief Legal & Governance Officer) [Official: rhbgroup.com],Mohamed Bin Rastam Shahrom (Group CFO) [Official: rhbgroup.com],Dr Chong Han Hwee (Group CRO) [Official: rhbgroup.com],Fazlina Mohamed Ghazalli (Group CCO) [Official: rhbgroup.com],Wong Kwang Leh (Group CTO) [Official: rhbgroup.com],Tan Boon Ching (Group Chief Internal Auditor) [Official: rhbgroup.com]
1,Licensed Banks,RHB Islamic Bank Berhad,Soon Yap (CISO) [Group-level: RHB Bank],Azman Shah Md Yaman (Group Chief Legal & Governance Officer) [Group-level: RHB Bank],Mohamed Bin Rastam Shahrom (Group CFO) [Group-level: RHB Bank],Dr Chong Han Hwee (Group CRO) [Group-level: RHB Bank],Fazlina Mohamed Ghazalli (Group CCO) [Group-level: RHB Bank],Wong Kwang Leh (Group CTO) [Group-level: RHB Bank],Tan Boon Ching (Group Chief Internal Auditor) [Group-level: RHB Bank]
4,Card Schemes,RHB Shell Visa Card,Soon Yap (CISO) [LinkedIn] [INHERITED from RHB Bank Berhad - product brand governance],Azman Shah Md Yaman (Group Chief Legal & Governance Officer) [INHERITED from RHB Bank Berhad - product brand governance],Mohamed Bin Rastam Shahrom (Group CFO) [INHERITED from RHB Bank Berhad - product brand governance],Dr Chong Han Hwee (Group CRO) [INHERITED from RHB Bank Berhad - product brand governance],Fazlina Mohamed Ghazalli (Group CCO) [INHERITED from RHB Bank Berhad - product brand governance],Wong Kwang Leh (Group CTO) [INHERITED from RHB Bank Berhad - product brand governance],Tan Boon Ching (Group Chief Internal Auditor) [INHERITED from RHB Bank Berhad - product brand governance]
4,E-Money,Razer Pay (Razer Fintech),,,,,,,
4,E-Money,Razer Pay Malaysia Sdn Bhd,"ENTITY DEFUNCT [Razer Pay (Beta) e-wallet shut down in Malaysia AND Singapore in 2021 per Wikipedia. Both razerfintech.com and razerpay.com.my domains EXPIRED (DNS resolution fails). Razer Inc. delisted from HKEX May 2022 (now private). Only known Razer Inc. execs: Min-Liang Tan (CEO), Patricia Liu (Exec Dir), Khaw Kheng Joo (COO) - all non-target. RECOMMEND REMOVAL from active campaign list - entity non-operational.]",NOT FOUND [ENTITY DEFUNCT: Razer Pay/Razer Fintech has ceased operations in Malaysia. No active leadership to identify. conf 95],NOT FOUND [ENTITY DEFUNCT: Razer Pay/Razer Fintech has ceased operations in Malaysia. No active leadership to identify. conf 95],NOT FOUND [ENTITY DEFUNCT: Razer Pay/Razer Fintech has ceased operations in Malaysia. No active leadership to identify. conf 95],NOT FOUND [ENTITY DEFUNCT: Razer Pay/Razer Fintech has ceased operations in Malaysia. No active leadership to identify. conf 95],NOT FOUND [ENTITY DEFUNCT: Razer Pay/Razer Fintech has ceased operations in Malaysia. No active leadership to identify. conf 95],NOT FOUND [ENTITY DEFUNCT: Razer Pay/Razer Fintech has ceased operations in Malaysia. No active leadership to identify. conf 95]
6,Fintech Sandbox,Ryt Bank Berhad,"NOT FOUND — Confirmed Jul 2026: Official about-us page (rytbank.my/about-us, 9,659 chars) lists CFO Wilson Soon, CRO Yeoh Xin Yi, CTO Nic Ngoo, Compliance Chief Muhammad Nasir, COO Julius Rajeswaran, CSO Yeoh Keong Zhen, CMO Irene Cheah — CISO not listed. conf 95","NOT FOUND — Confirmed Jul 2026: rytbank.my/about-us — GRC split between CRO (Yeoh Xin Yi) and Chief Compliance Officer (Muhammad Nasir); no dedicated GRC head. Entity is YTL Digital Bank Berhad (formerly Sea Capital Services Berhad), same as SeaBank Malaysia. conf 95",Wilson Soon|Chief Financial Officer (Acting CEO)|95|https://www.rytbank.my/about-us/|Ryt Bank CFO; acting CEO after Melvin Ooi departure,Yeoh Xin Yi|Chief Risk Officer|95|https://www.rytbank.my/about-us/|Ryt Bank CRO,Muhammad Nasir Bin Hassan|Chief Compliance Officer|95|https://www.rytbank.my/about-us/|Ryt Bank Chief Compliance Officer,Nic Ngoo|Chief Technology Officer|95|https://www.rytbank.my/about-us/|Ryt Bank CTO (maps to CIO/CTO role),NOT FOUND — Confirmed Jul 2026: rytbank.my/about-us (9 senior leaders + 5 directors) does not list Head of Internal Audit. conf 95
6,Fintech Sandbox,Ryt Bank Berhad (YTL Digital),,,Wilson Soon,Yeoh Xin Yi,Muhammad Nasir Bin Hassan,Nic Ngoo,
3,Development FIs,SME Bank Berhad,"Hairil Izwar Abd Rahman (Group Chief Digital & Technology Officer, BPMB Group, CISO-equivalent) [Official: bpmb.com.my/about-us/leadership/, conf 80]",Mohammad Azam Ahmad (CRO) + Rosehamidi Kamaruddin (Compliance) [Group-level composite],"Hee Wei Jean (Group CFO, BPMB) [Official: bpmb.com.my]; Samad Majid Zain (was CFO Nov 2021 - Jun 2026, now CEO as of 1 Jul 2026) [Official: smebank.com.my]","Mohammad Azam Ahmad (Group Chief Risk Officer, BPMB) [Official: bpmb.com.my/about-us/leadership, conf 70 - BPMB Group-level]",Rosehamidi Kamaruddin (per RocketReach),"Hairil Izwar Abd Rahman (Group Chief Digital & Technology Officer, BPMB) [Official: bpmb.com.my/about-us/leadership, conf 70 - BPMB Group-level]","Hasrul Farid Hasnan (Group Chief Internal Auditor, BPMB) [Official: bpmb.com.my/about-us/leadership, conf 70 - BPMB Group-level]"
5,GLC-Linked,Sabah State Financial Corporation (SSFC),"NOT FOUND [Entity likely = Sabah Credit Corporation (SCC). Both ykn.sabah.gov.my and scc.sabah.gov.my DNS-fail. Chairman: Datuk Rusdin Riman (news, conf 65) / Datuk Seri Dr. Yee Moh Chai (LinkedIn, conf 70, conflicting). CEO: Datuk George Taitim Tulas (news, conf 65). 0/7 target roles - official site unreachable.]",NOT FOUND [SSFC is a state government entity. No public C-suite leadership data for target roles. conf 85],NOT FOUND [SSFC is a state government entity. No public C-suite leadership data for target roles. conf 85],NOT FOUND [SSFC is a state government entity. No public C-suite leadership data for target roles. conf 85],NOT FOUND [SSFC is a state government entity. No public C-suite leadership data for target roles. conf 85],NOT FOUND [SSFC is a state government entity. No public C-suite leadership data for target roles. conf 85],NOT FOUND [SSFC is a state government entity. No public C-suite leadership data for target roles. conf 85]
5,GLC-Linked,Sarawak State Financial Corporation (SSFC),"Not publicly disclosed on SEDC management team page. SEDC has 13 management team members; no dedicated CISO role. IT security likely under Group Digital & Technology (Tuan Haji Nor Azlan Husaini, Acting Head). [Official: sedc.com.my/management-team/, conf 95]","Cik Khartini Johari (Head, Group Integrity and Risk Management) [Official: sedc.com.my/management-team/, conf 95]","Encik Leo Lanaiwong (Group Chief Financial Officer) [Official: sedc.com.my/leadership-team/, conf 95]","Cik Khartini Johari (Head, Group Integrity and Risk Management) [Official: sedc.com.my/management-team/, conf 95]","Jason Minos (Head, Legal and Compliance / Chief Integrity and Governance Officer) [Official: dbos.gov.my/the-bank/our-leaders, conf 90 - Entity maps to Development Bank of Sarawak Berhad (DBOS), wholly Sarawak-owned DFI]","Tuan Haji Nor Azlan Husaini (Acting Head, Group Digital & Technology) [Official: sedc.com.my/management-team/, conf 95]","Encik Yap Yien Chiang (Head, Group Internal Audit) [Official: sedc.com.my/management-team/, conf 95]"
6,Fintech Sandbox,SeaBank Malaysia Berhad,"NOT FOUND — DUPLICATE ENTITY. [Confirmed Aug 2026: ""SeaBank Malaysia Berhad"" is actually YTL Digital Bank Berhad, operating as ""Ryt Bank"" — a JV between YTL Digital Capital Sdn Bhd and Sea Limited (parent of Shopee). BNM awarded 5 digital bank licenses in Apr 2022; Ryt Bank launched 25 Aug 2025. Ryt Bank Berhad is already in this database as a separate entry (T6 Fintech Sandbox) with full leadership data (CFO: Wilson Soon, CRO: Yeoh Xin Yi, CCO: Muhammad Nasir Bin Hassan, CTO: Nic Ngoo). SeaBank Malaysia Berhad is a duplicate/alias of Ryt Bank Berhad — all 7 roles should reference the Ryt Bank entry.]","NOT FOUND — DUPLICATE ENTITY. [Confirmed Aug 2026: ""SeaBank Malaysia Berhad"" is actually YTL Digital Bank Berhad, operating as ""Ryt Bank"" — a JV between YTL Digital Capital Sdn Bhd and Sea Limited (parent of Shopee). BNM awarded 5 digital bank licenses in Apr 2022; Ryt Bank launched 25 Aug 2025. Ryt Bank Berhad is already in this database as a separate entry (T6 Fintech Sandbox) with full leadership data (CFO: Wilson Soon, CRO: Yeoh Xin Yi, CCO: Muhammad Nasir Bin Hassan, CTO: Nic Ngoo). SeaBank Malaysia Berhad is a duplicate/alias of Ryt Bank Berhad — all 7 roles should reference the Ryt Bank entry.]","NOT FOUND — DUPLICATE ENTITY. [Confirmed Aug 2026: ""SeaBank Malaysia Berhad"" is actually YTL Digital Bank Berhad, operating as ""Ryt Bank"" — a JV between YTL Digital Capital Sdn Bhd and Sea Limited (parent of Shopee). BNM awarded 5 digital bank licenses in Apr 2022; Ryt Bank launched 25 Aug 2025. Ryt Bank Berhad is already in this database as a separate entry (T6 Fintech Sandbox) with full leadership data (CFO: Wilson Soon, CRO: Yeoh Xin Yi, CCO: Muhammad Nasir Bin Hassan, CTO: Nic Ngoo). SeaBank Malaysia Berhad is a duplicate/alias of Ryt Bank Berhad — all 7 roles should reference the Ryt Bank entry.]","NOT FOUND — DUPLICATE ENTITY. [Confirmed Aug 2026: ""SeaBank Malaysia Berhad"" is actually YTL Digital Bank Berhad, operating as ""Ryt Bank"" — a JV between YTL Digital Capital Sdn Bhd and Sea Limited (parent of Shopee). BNM awarded 5 digital bank licenses in Apr 2022; Ryt Bank launched 25 Aug 2025. Ryt Bank Berhad is already in this database as a separate entry (T6 Fintech Sandbox) with full leadership data (CFO: Wilson Soon, CRO: Yeoh Xin Yi, CCO: Muhammad Nasir Bin Hassan, CTO: Nic Ngoo). SeaBank Malaysia Berhad is a duplicate/alias of Ryt Bank Berhad — all 7 roles should reference the Ryt Bank entry.]","NOT FOUND — DUPLICATE ENTITY. [Confirmed Aug 2026: ""SeaBank Malaysia Berhad"" is actually YTL Digital Bank Berhad, operating as ""Ryt Bank"" — a JV between YTL Digital Capital Sdn Bhd and Sea Limited (parent of Shopee). BNM awarded 5 digital bank licenses in Apr 2022; Ryt Bank launched 25 Aug 2025. Ryt Bank Berhad is already in this database as a separate entry (T6 Fintech Sandbox) with full leadership data (CFO: Wilson Soon, CRO: Yeoh Xin Yi, CCO: Muhammad Nasir Bin Hassan, CTO: Nic Ngoo). SeaBank Malaysia Berhad is a duplicate/alias of Ryt Bank Berhad — all 7 roles should reference the Ryt Bank entry.]","NOT FOUND — DUPLICATE ENTITY. [Confirmed Aug 2026: ""SeaBank Malaysia Berhad"" is actually YTL Digital Bank Berhad, operating as ""Ryt Bank"" — a JV between YTL Digital Capital Sdn Bhd and Sea Limited (parent of Shopee). BNM awarded 5 digital bank licenses in Apr 2022; Ryt Bank launched 25 Aug 2025. Ryt Bank Berhad is already in this database as a separate entry (T6 Fintech Sandbox) with full leadership data (CFO: Wilson Soon, CRO: Yeoh Xin Yi, CCO: Muhammad Nasir Bin Hassan, CTO: Nic Ngoo). SeaBank Malaysia Berhad is a duplicate/alias of Ryt Bank Berhad — all 7 roles should reference the Ryt Bank entry.]","NOT FOUND — DUPLICATE ENTITY. [Confirmed Aug 2026: ""SeaBank Malaysia Berhad"" is actually YTL Digital Bank Berhad, operating as ""Ryt Bank"" — a JV between YTL Digital Capital Sdn Bhd and Sea Limited (parent of Shopee). BNM awarded 5 digital bank licenses in Apr 2022; Ryt Bank launched 25 Aug 2025. Ryt Bank Berhad is already in this database as a separate entry (T6 Fintech Sandbox) with full leadership data (CFO: Wilson Soon, CRO: Yeoh Xin Yi, CCO: Muhammad Nasir Bin Hassan, CTO: Nic Ngoo). SeaBank Malaysia Berhad is a duplicate/alias of Ryt Bank Berhad — all 7 roles should reference the Ryt Bank entry.]"
3,MSBs,SenangPay Sdn Bhd,NOT FOUND — SenangPay is a private payment gateway; CISO not publicly disclosed [conf 85],"NOT FOUND [senangPay acquired by DOKU (Indonesia) in 2022; LinkedIn shows 51-200 employees; key employees: Joshua Abraham, Kenneth Kuan, Muhammad Hasni Madzaki, Paulina Vina - roles unconfirmed. Source: linkedin.com/company/senangpay/]","Mohd Mutalib (VP Finance and Account) [LinkedIn, conf 70] [senangPay is now a DOKU Company (acquired 2022)]",NOT FOUND — SenangPay is a private payment gateway; CRO not publicly disclosed [conf 85],NOT FOUND — SenangPay is a private payment gateway; compliance head not publicly disclosed [conf 85],"NOT FOUND [senangPay acquired by DOKU (Indonesia) in 2022; LinkedIn shows 51-200 employees; key employees: Joshua Abraham, Kenneth Kuan, Muhammad Hasni Madzaki, Paulina Vina - roles unconfirmed. Source: linkedin.com/company/senangpay/]",NOT FOUND — SenangPay is a private payment gateway; CAE not publicly disclosed [conf 85]
4,E-Money,Setel (PETRONAS Dagangan),,Fazni Ismail,Mazlie Minhat,,Fazni Ismail,Sazlina Ahamad,Nik Fariza Nik Hamdan
4,E-Money,Setel by PETRONAS Dagangan Berhad,"Rahayu Ramli|Chief Information Security Officer|80|https://www.linkedin.com/posts/petronas_people-of-petronas-rahayu-ramli-activity-7178936337465581569-in_n|Leads Cyber Strategy & Architecture at PETRONAS Digital Sdn Bhd and serves as CISO at Setel. [PETRONAS LinkedIn official posts, conf 80]","Fazni Ismail (General Counsel, Legal Retail) [Official: mymesra.com.my/about-us/leadership-team, conf 60 - General Counsel functionally covers GRC umbrella; same person as Head of Compliance]","Mazlie Minhat (Chief Financial Officer, PETRONAS Dagangan Berhad - parent) [Official: mymesra.com.my/about-us/leadership-team, conf 80 - inherited to Setel Ventures Sdn Bhd. Appointed Jan 2026 to Setel board.]","NOT FOUND - No dedicated CRO at Setel level; risk function inherited from PETRONAS Dagangan Berhad parent governance; PDB board-level Risk Committee provides oversight [Official: mymesra.com.my/about-us/leadership-team, conf 75]","Fazni Ismail (General Counsel, Legal Retail) [Official: mymesra.com.my/about-us/leadership-team, conf 65 - General Counsel in PETRONAS group entities typically oversees compliance; Setel Ventures Sdn Bhd governed by PDB parent executives]","Sazlina Ahamad (Chief Technology Officer, PETRONAS Dagangan Berhad - parent) [Official: mymesra.com.my/about-us/leadership-team, conf 80 - inherited to Setel.]","Nik Fariza Nik Hamdan (Chief Audit Executive, PETRONAS Dagangan Berhad - parent) [Official: mymesra.com.my/about-us/leadership-team, conf 80 - inherited to Setel.]"
4,E-Money,ShopeePay (Monee Malaysia),,,Tony Hou,,Fadhli Azman,,
4,E-Money,ShopeePay Malaysia Sdn Bhd,NOT FOUND — ShopeePay operates under Sea Group (Singapore); CISO function managed at group level; not separately published for Malaysian entity [conf 90],"NOT FOUND [ShopeePay Malaysia leadership page (shopeepay.com.my/en/leadership) only lists CEO Alain Yee and Head of Product Adline Ngan. No CRO, CIO, GRC, or IA publicly listed. Firecrawl agent + web search confirmed no public data. conf 80]","Tony Hou (Chief Financial Officer, Sea Limited - parent) [Official: sea.com/aboutus/leadership, conf 80 - inherited to ShopeePay Malaysia. ShopeePay = Monee (formerly SeaMoney, rebranded May 2025) digital financial services arm of Sea Limited. Malaysia Head: Alain Yee (Head of ShopeePay Malaysia + President AEMI 2026/27-2027/28, LinkedIn linkedin.com/company/shopeepay, conf 85, non-target). No MY-specific CISO/CRO/CTO/Compliance/IA/GRC found.]",NOT FOUND — ShopeePay operates under Sea Group (Singapore); CRO function managed at group level; not separately published for Malaysian entity [conf 90],Fadhli Azman|Head of Compliance|85|https://my.linkedin.com/in/fadhli-azman-150273b9|Head of Compliance ShopeePay/Monee Malaysia [LinkedIn confirmed],"NOT FOUND [ShopeePay Malaysia leadership page (shopeepay.com.my/en/leadership) only lists CEO Alain Yee and Head of Product Adline Ngan. No CRO, CIO, GRC, or IA publicly listed. Firecrawl agent + web search confirmed no public data. conf 80]",NOT FOUND — ShopeePay operates under Sea Group (Singapore); internal audit managed at group level; not separately published for Malaysian entity [conf 90]
6,Fintech Sandbox,Soft Space Sdn Bhd,NOT FOUND — Soft Space is a private payments technology provider; CISO not publicly disclosed [conf 85],"NOT FOUND [Soft Space: No LinkedIn company page (tried 5 URL variants, all 404). Existing fills: Rick Leong (Acting CFO), Nicholas Lim (CTO). Source: softspace.com.my, theorg.com] [conf 85]",Rick Leong|Financial Controller (Acting CFO)|85|https://www.softspace.com.my/2025/06/06/soft-space-cfo-transition/|Soft Space CFO transition announcement (Jun 2025) - Rick Leong appointed as Financial Controller acting as CFO following Serene Teh Wan Lee transition,NOT FOUND — Soft Space is a private payments technology provider; CRO not publicly disclosed [conf 85],NOT FOUND — Soft Space is a private payments technology provider; compliance head not publicly disclosed [conf 85],"Nicholas Lim|Chief Technology Officer|65|https://theorg.com/org/soft-space|TheOrg org chart lists Nicholas Lim as CTO at Soft Space (KL HQ, 51-200 employees, softspace.com.my). Cross-ref: RocketReach also lists Nicholas Lim as CTO. [conf 65]",NOT FOUND — Soft Space is a private payments technology provider; CAE not publicly disclosed [conf 85]
1,Licensed Banks,Standard Chartered Bank Malaysia Berhad,"Sivanathan Subramaniam (CISO Malaysia) [LinkedIn: linkedin.com/posts/sivanathansubramaniam, conf 75]",Ong Gaik Ean (CRO) + Irene Tan (Compliance) [Group-level composite],Mushahid Syed (Interim CEO & CFO),Ong Gaik Ean (CRO),Irene Tan (Chief Compliance Officer),Joy Chowdhury (Chief Technology & Operations Officer),Praveen Sankaranarayan (Head of Audit)
4,Card Schemes,Standard Chartered Shopee Visa Card,"Sivanathan Subramaniam (CISO Malaysia) [LinkedIn: linkedin.com/posts/sivanathansubramaniam, conf 75] [INHERITED from Standard Chartered Bank Malaysia - product brand governance]",Ong Gaik Ean (CRO) + Irene Tan (Compliance) [Group-level composite] [INHERITED from Standard Chartered Bank Malaysia - product brand governance],Mushahid Syed (Interim CEO & CFO) [INHERITED from Standard Chartered Bank Malaysia - product brand governance],Ong Gaik Ean (CRO) [INHERITED from Standard Chartered Bank Malaysia - product brand governance],Irene Tan (Chief Compliance Officer) [INHERITED from Standard Chartered Bank Malaysia - product brand governance],Joy Chowdhury (Chief Technology & Operations Officer) [INHERITED from Standard Chartered Bank Malaysia - product brand governance],Praveen Sankaranarayan (Head of Audit) [INHERITED from Standard Chartered Bank Malaysia - product brand governance]
6,Fintech Registered,Stripe Payments Malaysia Sdn Bhd,"NOT FOUND [Parent: Stripe Inc. Global CEO Patrick Collison, President John Collison, CPO Rob McIntosh, Board Mark Carney (Wikipedia, conf 85, all non-target). stripe.com has no Malaysia-specific leadership. 0/7 target roles.]",NOT FOUND [Stripe Payments Malaysia is a subsidiary of Stripe Inc (US). No Malaysia-specific C-suite executives. Functions handled at Stripe HQ level (US). conf 90],NOT FOUND [Stripe Payments Malaysia is a subsidiary of Stripe Inc (US). No Malaysia-specific C-suite executives. Functions handled at Stripe HQ level (US). conf 90],NOT FOUND [Stripe Payments Malaysia is a subsidiary of Stripe Inc (US). No Malaysia-specific C-suite executives. Functions handled at Stripe HQ level (US). conf 90],NOT FOUND [Stripe Payments Malaysia is a subsidiary of Stripe Inc (US). No Malaysia-specific C-suite executives. Functions handled at Stripe HQ level (US). conf 90],NOT FOUND [Stripe Payments Malaysia is a subsidiary of Stripe Inc (US). No Malaysia-specific C-suite executives. Functions handled at Stripe HQ level (US). conf 90],NOT FOUND [Stripe Payments Malaysia is a subsidiary of Stripe Inc (US). No Malaysia-specific C-suite executives. Functions handled at Stripe HQ level (US). conf 90]
1,Licensed Banks,Sumitomo Mitsui Banking Corporation Malaysia Berhad,"ROLE EXISTS, NAME NOT DISCLOSED — Chief Information and Security Officer (CISO) role confirmed in SMBC MY FY2025 Financial Statement (Senior Officers definition). Name not publicly disclosed in FS, Board PDF, or Pillar 3 Disclosure. [Official: smbc.co.jp/asia/malaysia financial statement 31 Mar 2025, conf 90]","ROLE EXISTS, NAME NOT DISCLOSED — Chief Integrity and Governance Officer (CIGO) role confirmed in SMBC MY FY2025 Financial Statement (Senior Officers definition). Name not publicly disclosed. [Official: smbc.co.jp/asia/malaysia financial statement 31 Mar 2025, conf 90]","Norihiro Oyanagi (officer primarily responsible for financial management per Section 251(1)(b) Companies Act 2016 statutory declaration) [Official: SMBC MY audited financial statements FY2024 & FY2025 (smbc.co.jp/asia/malaysia/financial-statement-31Mar2025.pdf), conf 78 — statutory CFO-equivalent; document prints statutory role description not literal ""CFO"" title]","Lim Tuang Ooi (Board Risk Management Committee Chairman, Ind. Non-Exec Director) [Official: smbc.co.jp/asia/malaysia/SMBCMY-board-of-directors.pdf, conf 85 - board-level oversight] | Anand Mahadevan (Executive Director, Regional Chief Risk Officer and Co-Head of Risk Management Dept for APAC and India at SMBC Singapore; appointed 26 May 2025) [Official: SMBC Malaysia FY2025 Audited Financial Statements PDF, conf 85. Regional CRO role covering APAC. Board-level CRO oversight also via Lim Tuang Ooi (BRMC Chairman, INED). Hiroshi Nishimura resigned 9 May 2025.]","ROLE EXISTS, NAME NOT DISCLOSED — Head of Compliance Department / Chief Compliance Officer role confirmed in SMBC MY FY2025 Financial Statement (Senior Officers definition). Name not publicly disclosed in FS, Board PDF, or Pillar 3 Disclosure. [Official: smbc.co.jp/asia/malaysia financial statement 31 Mar 2025, conf 90]","ROLE EXISTS, NAME NOT DISCLOSED — Head of Information Technology role confirmed in SMBC MY FY2025 Financial Statement (Senior Officers definition). Name not publicly disclosed. [Official: smbc.co.jp/asia/malaysia financial statement 31 Mar 2025, conf 90]","Lo Nyen Khing (Board Audit Committee Chairman, Ind. Non-Exec Director) [Official: smbc.co.jp/asia/malaysia/SMBCMY-board-of-directors.pdf, conf 85]. NOTE: SMBC MY also has Head of Internal Audit Department / Chief Internal Auditor per FY2025 FS Senior Officers definition, but name not publicly disclosed."
2,Insurers,Sun Life Malaysia Assurance Berhad,NOT FOUND [Confirmed Jul 31 2026: Sun Life Malaysia management team page (sunlifemalaysia.com/about-us/leadership/management-team) fully scraped. 17 SMT member names extracted. No CISO role listed. CISO function likely managed at Sun Life Asia/regional level. conf 95],"Board Chairman: Dato' Noorazman Abd. Aziz (Ind. Director, appointed 13 May 2022) [Official: sunlifemalaysia.com, conf 95]; RMC Chair: Nigel Hazell (Ind. Director, Risk Mgmt Cmte Chairman) [Official: sunlifemalaysia.com, conf 95]","Ong Le Keat (Chief Financial Officer / Officer primarily responsible for financial management) [Official: Sun Life Malaysia Assurance Berhad 2025 Financial Statement PDF, Statutory Declaration dated 10 March 2026: sunlifemalaysia.com] [conf 100]","Nigel Hazell (Board Risk Management Committee Chairman, Ind. Director, appointed 13 May 2022) [Official: sunlifemalaysia.com/about-us/leadership/board-of-directors-assurance/, conf 95]",NOT FOUND [Confirmed Jul 31 2026: Sun Life Malaysia management team page fully scraped — 17 SMT members. No Head of Compliance listed. Compliance function likely shared with Sun Life Asia/regional. conf 90],NOT FOUND [Confirmed Jul 31 2026: Sun Life Malaysia management team page fully scraped — 17 SMT members. No CIO/CTO listed. IT function managed at Sun Life Asia/regional level. conf 90],"Wong Ah Kow (Board Audit Committee Chairman, Ind. Director, appointed 22 Sep 2022) [Official: sunlifemalaysia.com/about-us/leadership/board-of-directors-assurance/, conf 95]"
5,GLC-Linked,Syarikat Jaminan Pembiayaan Perniagaan (SJPP),"NOT FOUND [SJPP website (sjpp.com.my) does not list C-suite executives. Government guarantee agency under MOF. No public data for target roles. conf 85] SJPP is managed by Prokhas Sdn Bhd (wholly-owned by MOF Inc) — SJPP has no independent C-suite; functions handled by Prokhas. [Sources: sjpp.com.my, prokhas.com, verified 2026-07-27]","Juanita Rusmini binti Abdul Jalil (Acting Principal Officer) [sjpp.com.my, HIGH-80]","NOT FOUND [SJPP website (sjpp.com.my) does not list C-suite executives. Government guarantee agency under MOF. No public data for target roles. conf 85] SJPP is managed by Prokhas Sdn Bhd (wholly-owned by MOF Inc) — SJPP has no independent C-suite; functions handled by Prokhas. [Sources: sjpp.com.my, prokhas.com, verified 2026-07-27]","NOT FOUND [SJPP website (sjpp.com.my) does not list C-suite executives. Government guarantee agency under MOF. No public data for target roles. conf 85] SJPP is managed by Prokhas Sdn Bhd (wholly-owned by MOF Inc) — SJPP has no independent C-suite; functions handled by Prokhas. [Sources: sjpp.com.my, prokhas.com, verified 2026-07-27]","NOT FOUND [SJPP website (sjpp.com.my) does not list C-suite executives. Government guarantee agency under MOF. No public data for target roles. conf 85] SJPP is managed by Prokhas Sdn Bhd (wholly-owned by MOF Inc) — SJPP has no independent C-suite; functions handled by Prokhas. [Sources: sjpp.com.my, prokhas.com, verified 2026-07-27]","NOT FOUND [SJPP website (sjpp.com.my) does not list C-suite executives. Government guarantee agency under MOF. No public data for target roles. conf 85] SJPP is managed by Prokhas Sdn Bhd (wholly-owned by MOF Inc) — SJPP has no independent C-suite; functions handled by Prokhas. [Sources: sjpp.com.my, prokhas.com, verified 2026-07-27]","NOT FOUND [SJPP website (sjpp.com.my) does not list C-suite executives. Government guarantee agency under MOF. No public data for target roles. conf 85] SJPP is managed by Prokhas Sdn Bhd (wholly-owned by MOF Inc) — SJPP has no independent C-suite; functions handled by Prokhas. [Sources: sjpp.com.my, prokhas.com, verified 2026-07-27]"
2,Takaful,Syarikat Takaful Malaysia Berhad,Not publicly disclosed on official leadership page,Shizal Fisham bin Ramli (Chief Governance Officer) [Official: takaful-malaysia.com.my],New Kheng Chee (Group CFO) [Official: takaful-malaysia.com.my],"Not publicly disclosed on leadership page [Official: takaful-malaysia.com.my/en/about-us/our-leaders, Jul 2026. Chief Governance Officer covers risk function. conf 90]",Redzuan bin Abu (Head of Compliance) [Official: takaful-malaysia.com.my],Nazaruddin Adha bin Md Noor (CTO) [Official: takaful-malaysia.com.my confirmed 2026-07-26] — Note: ET CIO SEA reported Ts. Tengku Intan joined as CTO Jan 2025 [ciosea.economictimes.indiatimes.com/news/corporate/ts-tengku-intan-joins-syarikat-takaful-malaysia-as-chief-technology-officer/116882054]; current official site lists Nazaruddin suggesting role change or departure,Zuhairi bin Ismail (Chief Internal Audit) [Official: takaful-malaysia.com.my]
4,E-Money,TNG Digital Sdn Bhd,Suresh Balachandran|Chief Information Security Officer|85|https://ciosea.economictimes.indiatimes.com/news/security/know-your-ciso-suresh-balachandran/109493799|CISO and Director at Touch 'n Go Group [ETCIOSEA article Apr 2024 + ZoomInfo confirmed. 15+ years cybersecurity experience],"Dunstan Gerald Maurice|Chief Risk, Compliance & Governance Officer|95|https://www.touchngo.com.my/about-us/leadership/|Combined CRO/Compliance/GRC role",Lai Mee Fong|Chief Financial Officer|95|https://www.touchngo.com.my/about-us/leadership/|TNG Digital CFO,"Dunstan Gerald Maurice|Chief Risk, Compliance & Governance Officer|95|https://www.touchngo.com.my/about-us/leadership/|Combined CRO/Compliance/GRC role","Dunstan Gerald Maurice|Chief Risk, Compliance & Governance Officer|95|https://www.touchngo.com.my/about-us/leadership/|Combined CRO/Compliance/GRC role",Desmond Chin Ye Foong|Chief Technology Officer|95|https://www.touchngo.com.my/about-us/leadership/|TNG Digital CTO (maps to CIO/CTO role),"Hairul Imran|Director, Internal Audit|80|https://my.linkedin.com/in/hairulimran|TNG Digital Director of Internal Audit [LinkedIn confirmed]"
3,Development FIs,Tabung Haji,Shamsul Kamal Hussein Kamal,Syahril Nizam Abu Hasan,Shamsul Bahar Shamsudin,Syahril Nizam Abu Hasan,Syahril Nizam Abu Hasan,Shamsul Kamal Hussein Kamal,Abu Bakar Baba
2,Takaful,Takaful Am General Berhad,Not publicly disclosed on official leadership page,"Shizal Fisham bin Ramli (Ketua Pegawai Tadbir Urus / Chief Governance Officer, Takaful Malaysia group) [Official: takaful-malaysia.com.my/tentang-kami/barisan-kepimpinan/, conf 60 - covers Governance component of GRC; Compliance separately headed by Redzuan bin Abu]","Sharmini Perampalam (EVP & Group CFO) [mnrb.com.my, HIGH-90]","Not publicly disclosed [Official: takaful-malaysia.com.my/en/about-us/our-leaders & mnrb.com.my, Jul 2026. conf 85]","Abd Ghafur Ahmad (SVP & Group Chief Compliance Officer) [mnrb.com.my, HIGH-90]","Aaron Loo (SVP & Group Chief Transformation Officer) [mnrb.com.my, MEDIUM-65]","Haniza Filzah Hayani Abu Haniffa (SVP & Group Chief Internal Auditor) [mnrb.com.my, HIGH-90]"
2,Takaful,Takaful IKHLAS Berhad,"NOT FOUND [Confirmed Aug 2026: takaful-ikhlas.com.my/about-us (consumer-facing, no leadership). MNRB Holdings (parent) management team fully scraped from mnrb.com.my/about-us/our-leadership. MNRB Group: Interim President & Group CEO Dato' Rudy Rodzila Che Lamin, Group CFO Sharmini Perampalam, Group CCO Abd Ghafur Ahmad, Group Chief Transformation Officer Aaron Loo. No CISO, Head of IT, or Head of Information Security in MNRB Group management team (11 members).]","Abd Ghafur Ahmad (Senior VP & Group Chief Compliance Officer, MNRB Group) [Official: mnrb.com.my/about-us/our-leadership, conf 75 - Group Chief Compliance Officer functionally covers GRC; same person as Head of Compliance column]","Sharmini Perampalam (Executive VP and Group CFO, MNRB Group) [Official: mnrb.com.my, conf 75 - group-level]","Leong Joe Yee (Senior VP & Group Chief Risk Officer, MNRB Group) [Annual Report 2025: mnrb.com.my/api/uploads/WEBSITE_MNRB_AR_2025_cc4e87ede9.pdf, conf 90]","Abd Ghafur Ahmad (Senior VP & Group Chief Compliance Officer, MNRB Group) [Official: mnrb.com.my, conf 75 - group-level]","Lee Kok Seong (Senior VP & Chief Information Officer) [Malaysian Insurance Directory 2025/2026, conf 90]","Haniza Filzah Hayani Abu Haniffa (Senior VP and Group Chief Internal Auditor, MNRB Group) [Official: mnrb.com.my, conf 75 - group-level]"
3,Development FIs,Tekun Nasional,"NOT FOUND [Tekun Nasional (tekun.gov.my) scraped — contact info only, no leadership/management page found. No CISO publicly listed. Sources: tekun.gov.my, conf 20]","NOT FOUND - No dedicated GRC head; covered by Jalilah Che Bidin (Head of Integrity & Governance) [Official: tekun.gov.my, conf 90]","Hj. Aishamuddin bin Zulkefli (Timbalan Ketua Pegawai Eksekutif (Kewangan) / Deputy CEO Finance) [Official: tekun.gov.my PDF org chart, conf 90]","Hj Mohamad Razman bin Razak (Ketua Jabatan Pengurusan Risiko / Head of Risk Management) [Official: tekun.gov.my PDF org chart, conf 90]","Jalilah Che Bidin (Ketua Jabatan Integriti & Tadbir Urus / Head of Integrity & Governance) [Official: tekun.gov.my PDF org chart, conf 90]","Hj. Muhammad Yusman bin Yusoff (Ketua Jabatan Teknologi Maklumat / Head of IT) [Official: tekun.gov.my PDF org chart, conf 90]","Md Rukemi bin Ishak (Ketua Jabatan Audit Dalam / Head of Internal Audit) [Official: tekun.gov.my PDF org chart, conf 90]"
2,Insurers,Tokio Marine Life Insurance Malaysia Bhd,"Irfan Ismail (CISO & Head of Technology Risk) [RocketReach/LinkedIn: rocketreach.co/irfan-ismail-email_229003941, conf 55 — LinkedIn-cited via RocketReach; not on official management team page]","Andrew Ngou Chee Mun (CRO) + Loh Chee Hoong (Head of Compliance) [Composite - GRC function split between Risk and Compliance; no dedicated GRC head. Official leadership page (tokiomarine.com/my/en/life/about-us/our-board-of-directors-and-management-team.html) lists 9 SMT members, none with GRC title. CRO and Head of Compliance sourced from Malaysian Insurance Directory 2025/2026.]","Tham Kok Yoke (Chief Financial Officer) [Official: tokiomarine.com/my/en/life/about-us/our-board-of-directors-and-management-team.html, conf 95]","Andrew Ngou Chee Mun (Chief Risk Officer) [Malaysian Insurance Directory 2025/2026, conf 90]","Loh Chee Hoong (Head of Compliance) [Malaysian Insurance Directory 2025/2026, conf 90]","Nicholas Tan Chin Yau (Chief Information Officer) [Malaysian Insurance Directory 2025/2026, conf 90]","Wong Kah Keong (Head of Internal Audit) [Malaysian Insurance Directory 2025/2026, conf 90]"
4,E-Money,Touch 'n Go eWallet (TNG Digital Sdn Bhd),Suresh Balachandran,Dunstan Gerald Maurice,Lai Mee Fong,Dunstan Gerald Maurice,Dunstan Gerald Maurice,Desmond Chin Ye Foong,Hairul Imran
4,Card Schemes,Touch n Go Visa Prepaid Card,Suresh Balachandran|Chief Information Security Officer|85|https://ciosea.economictimes.indiatimes.com/news/security/know-your-ciso-suresh-balachandran/109493799|CISO and Director at Touch 'n Go Group [ETCIOSEA article Apr 2024 + ZoomInfo confirmed. 15+ years cybersecurity experience],"Dunstan Gerald Maurice|Chief Risk, Compliance & Governance Officer|95|https://www.touchngo.com.my/about-us/leadership/|Combined CRO/Compliance/GRC role [INHERITED from TNG Digital Sdn Bhd - product brand governance]",Lai Mee Fong|Chief Financial Officer|95|https://www.touchngo.com.my/about-us/leadership/|TNG Digital CFO [INHERITED from TNG Digital Sdn Bhd - product brand governance],"Dunstan Gerald Maurice|Chief Risk, Compliance & Governance Officer|95|https://www.touchngo.com.my/about-us/leadership/|Combined CRO/Compliance/GRC role [INHERITED from TNG Digital Sdn Bhd - product brand governance]","Dunstan Gerald Maurice|Chief Risk, Compliance & Governance Officer|95|https://www.touchngo.com.my/about-us/leadership/|Combined CRO/Compliance/GRC role [INHERITED from TNG Digital Sdn Bhd - product brand governance]",Desmond Chin Ye Foong|Chief Technology Officer|95|https://www.touchngo.com.my/about-us/leadership/|TNG Digital CTO (maps to CIO/CTO role) [INHERITED from TNG Digital Sdn Bhd - product brand governance],"Hairul Imran|Director, Internal Audit|80|https://my.linkedin.com/in/hairulimran|TNG Digital Director of Internal Audit [LinkedIn confirmed]"
3,MSBs,Touch n Go eWallet Sdn Bhd,Suresh Balachandran,Dunstan Gerald Maurice,Lai Mee Fong,Dunstan Gerald Maurice,Dunstan Gerald Maurice,Desmond Chin Ye Foong,Hairul Imran
3,MSBs,ToyyibPay Sdn Bhd,"NOT FOUND [Malaysian Shariah-compliant payment gateway founded 2019 (Bandar Tasik Selatan KL, 11-50 employees). toyyibpay.com has no leadership/team info. 5 LinkedIn employee names found (Zaiem Bakar, Muhammad Anwar, Atiqah Ghaffar, Nur Syakilah Rohaney, Ahmad Shahril Ibrahim) but individual profiles blocked - titles unknown. 0/7 target roles.] [conf 85]",NOT FOUND [ToyyibPay Sdn Bhd is a small Malaysian payment gateway. No public C-suite leadership data available. conf 85],NOT FOUND [ToyyibPay Sdn Bhd is a small Malaysian payment gateway. No public C-suite leadership data available. conf 85],NOT FOUND [ToyyibPay Sdn Bhd is a small Malaysian payment gateway. No public C-suite leadership data available. conf 85],NOT FOUND [ToyyibPay Sdn Bhd is a small Malaysian payment gateway. No public C-suite leadership data available. conf 85],NOT FOUND [ToyyibPay Sdn Bhd is a small Malaysian payment gateway. No public C-suite leadership data available. conf 85],NOT FOUND [ToyyibPay Sdn Bhd is a small Malaysian payment gateway. No public C-suite leadership data available. conf 85]
4,Card Schemes,UOB Lazada Visa Card,"Tobias Gondrom (Group CISO, UOB Group) [Web search, conf 75] [INHERITED from UOB Malaysia Berhad - product brand governance]",Tan Tii Lam (CRO) + Loke Chee Keen Daniel (Compliance) [Group-level composite] [INHERITED from UOB Malaysia Berhad - product brand governance],Chang Yeong Gung (CFO) [INHERITED from UOB Malaysia Berhad - product brand governance],Tan Tii Lam (CRO) [INHERITED from UOB Malaysia Berhad - product brand governance],Loke Chee Keen Daniel (Head Compliance) [INHERITED from UOB Malaysia Berhad - product brand governance],Mohamad Fazli Bin Mohamad Sarujee (Head Technology & Operations) [INHERITED from UOB Malaysia Berhad - product brand governance],Wong See Hong Bill (Head Internal Audit) [INHERITED from UOB Malaysia Berhad - product brand governance]
1,Licensed Banks,UOB Malaysia Berhad,"Tobias Gondrom (Group CISO, UOB Group) [Web search, conf 75]",Tan Tii Lam (CRO) + Loke Chee Keen Daniel (Compliance) [Group-level composite],Chang Yeong Gung (CFO),Tan Tii Lam (CRO),Loke Chee Keen Daniel (Head Compliance),Mohamad Fazli Bin Mohamad Sarujee (Head Technology & Operations),Wong See Hong Bill (Head Internal Audit)
3,MSBs,Wallex Sdn Bhd,NOT FOUND — Wallex is a private cross-border payments fintech; CISO not publicly disclosed [conf 85],NOT FOUND [Wallex Sdn Bhd website (wallex.com.my) is a parked domain (Exabytes). No active web presence or public C-suite leadership data. Firecrawl agent confirmed no public data. conf 90],NOT FOUND — Wallex is a private cross-border payments fintech; CFO not publicly disclosed [conf 85],NOT FOUND — Wallex is a private cross-border payments fintech; CRO not publicly disclosed [conf 85],"Dee Patria Adithana, GRCP (Legal & Compliance Counsel, M-DAQ Global - parent) [Official: wallex.asia/en-sg/about-us + LinkedIn id.linkedin.com/in/dee-patria-adithana, conf 80 - Indonesia-based, inherited to Wallex Malaysia entity. Wallex.com DNS-fails; correct domain wallex.asia. M-DAQ HQ Singapore, PJ Malaysia office.]",NOT FOUND [Wallex Sdn Bhd website (wallex.com.my) is a parked domain (Exabytes). No active web presence or public C-suite leadership data. Firecrawl agent confirmed no public data. conf 90],NOT FOUND — Wallex is a private cross-border payments fintech; CAE not publicly disclosed [conf 85]
4,E-Money,WeChat Pay Malaysia (Tencent),,,,,,,
4,E-Money,WeChat Pay Malaysia Sdn Bhd,NOT FOUND [WeChat Pay Malaysia is Tencent's cross-border payment product. No Malaysia-specific C-suite executives. Functions handled at Tencent/WeChat Pay HQ level (China). conf 90],NOT FOUND [WeChat Pay Malaysia is Tencent's cross-border payment product. No Malaysia-specific C-suite executives. Functions handled at Tencent/WeChat Pay HQ level (China). conf 90],NOT FOUND [WeChat Pay Malaysia is Tencent's cross-border payment product. No Malaysia-specific C-suite executives. Functions handled at Tencent/WeChat Pay HQ level (China). conf 90],NOT FOUND [WeChat Pay Malaysia is Tencent's cross-border payment product. No Malaysia-specific C-suite executives. Functions handled at Tencent/WeChat Pay HQ level (China). conf 90],NOT FOUND [WeChat Pay Malaysia is Tencent's cross-border payment product. No Malaysia-specific C-suite executives. Functions handled at Tencent/WeChat Pay HQ level (China). conf 90],NOT FOUND [WeChat Pay Malaysia is Tencent's cross-border payment product. No Malaysia-specific C-suite executives. Functions handled at Tencent/WeChat Pay HQ level (China). conf 90],NOT FOUND [WeChat Pay Malaysia is Tencent's cross-border payment product. No Malaysia-specific C-suite executives. Functions handled at Tencent/WeChat Pay HQ level (China). conf 90]
3,MSBs,Wise (formerly TransferWise) Malaysia Sdn Bhd,NOT FOUND — Wise Malaysia operates as branch of Wise Payments Ltd (UK); CISO function managed at group level [conf 90],"Jessica Winter (Chief Legal Officer / General Counsel, Wise Plc global) [Official: owners.wise.com/governance/leadership-team, conf 65 - General Counsel at UK fintechs typically oversees governance, risk, and compliance coordination; Wise Malaysia subsidiary inherits from parent]","Emmanuel Thomassin (Chief Financial Officer, Wise Plc global) [Official: owners.wise.com/governance/leadership-team, conf 95]",NOT FOUND — Wise Malaysia operates as branch of Wise Payments Ltd (UK); CRO function managed at group level [conf 90],"Nita Patel (Group Chief Compliance Officer, Wise Plc global) [Official: owners.wise.com/governance/leadership-team, conf 95]","Harsh Sinha (Chief Technology Officer, Wise Plc global) [Official: owners.wise.com/governance/leadership-team, conf 95]",NOT FOUND — Wise Malaysia operates as branch of Wise Payments Ltd (UK); internal audit managed at group level [conf 90]
3,MSBs,Xendit Technologies (Malaysia) Sdn Bhd,"NOT FOUND [Malaysia entity formed via Payex acquisition 2023-2025. No Malaysia-specific CISO/CFO/CRO/Compliance/IA/GRC publicly listed. Parent Xendit (Indonesia unicorn) CTO inherited for CIO/CTO role. Offices in Penang + KL, 4500+ MY businesses onboarded.] [conf 85]",NOT FOUND [Xendit Technologies Malaysia is a subsidiary of Indonesian Xendit (Payex acquisition). No Malaysia-specific C-suite executives for target roles. Functions handled at Xendit HQ (Jakarta). conf 90],NOT FOUND [Xendit Technologies Malaysia is a subsidiary of Indonesian Xendit (Payex acquisition). No Malaysia-specific C-suite executives for target roles. Functions handled at Xendit HQ (Jakarta). conf 90],NOT FOUND [Xendit Technologies Malaysia is a subsidiary of Indonesian Xendit (Payex acquisition). No Malaysia-specific C-suite executives for target roles. Functions handled at Xendit HQ (Jakarta). conf 90],NOT FOUND [Xendit Technologies Malaysia is a subsidiary of Indonesian Xendit (Payex acquisition). No Malaysia-specific C-suite executives for target roles. Functions handled at Xendit HQ (Jakarta). conf 90],"Bo Chen (Chief Technology Officer, Xendit - parent) [Official: xendit.co/en/company/, conf 80 - inherited to Malaysia entity. Xendit acquired Payex (BNM-licensed) 2023, full acquisition 2025. Malaysia Country Manager: Jayson Poon (official press release Oct 2025, conf 98, non-target). GM Malaysia: Jason Siew (press release Sep 2025, conf 98, non-target). Parent CEO: Moses Lo, COO: Tessa Wijaya (non-target).]",NOT FOUND [Xendit Technologies Malaysia is a subsidiary of Indonesian Xendit (Payex acquisition). No Malaysia-specific C-suite executives for target roles. Functions handled at Xendit HQ (Jakarta). conf 90]
2,Insurers,Zurich Life Insurance Malaysia Berhad,"Terrence Chock (Head of Information Security / BISO - Singapore & Indonesia, Zurich Insurance Company Ltd) [CSO30 ASEAN 2025 Business Value Award winner; LinkedIn: hk.linkedin.com/in/terrencechock; Based in Hong Kong, covers Singapore & Indonesia; Malaysia-specific CISO not separately listed. Regional infosec function likely covers Malaysia via group structure. conf 65] [CSO30 ASEAN 2025: cybersecurityinfocus.com/?p=5791]","Not publicly disclosed on leadership page [Official: zurich.com.my/about-zurich/the-zurich-story/our-leaders — as of Jul 2026, conf 30]. Confirmed Jul 2026: Official Our Leaders page (zurich.com.my/about-zurich/the-zurich-story/our-leaders) lists Country CEO Junior Cho, Life CEO Pauline Teoh, Takaful CEO Nur Fatihah Mustafa, board directors + Shariah committee only; no CISO/CRO/Compliance/CIO/GRC at management level. conf 95 Confirmed Aug 2026 via official Zurich Malaysia leaders page - only CEOs and Board members listed.]","Timothy William Howell (Executive Director / Head of Finance & CFO Asia Pacific) [Official: Zurich Life Insurance Malaysia Berhad AR 2024 PDF — Corporate Governance Statement p.6, conf 95. Appointed Executive Director 1 Nov 2021. Also serves as Board Member for Zurich General Insurance Malaysia Berhad, Zurich Services (HK), Cover-More Group, Zurich Travel Solutions, Zurich Life Insurance Japan.]","Not publicly disclosed on leadership page [Official: zurich.com.my/about-zurich/the-zurich-story/our-leaders — as of Jul 2026, conf 30]. Confirmed Jul 2026: Official Our Leaders page (zurich.com.my/about-zurich/the-zurich-story/our-leaders) lists Country CEO Junior Cho, Life CEO Pauline Teoh, Takaful CEO Nur Fatihah Mustafa, board directors + Shariah committee only; no CISO/CRO/Compliance/CIO/GRC at management level. conf 95 Confirmed Aug 2026 via official Zurich Malaysia leaders page - only CEOs and Board members listed.]","Not publicly disclosed on leadership page [Official: zurich.com.my/about-zurich/the-zurich-story/our-leaders — as of Jul 2026, conf 30]. Confirmed Jul 2026: Official Our Leaders page (zurich.com.my/about-zurich/the-zurich-story/our-leaders) lists Country CEO Junior Cho, Life CEO Pauline Teoh, Takaful CEO Nur Fatihah Mustafa, board directors + Shariah committee only; no CISO/CRO/Compliance/CIO/GRC at management level. conf 95 Confirmed Aug 2026 via official Zurich Malaysia leaders page - only CEOs and Board members listed.]","Not publicly disclosed on leadership page [Official: zurich.com.my/about-zurich/the-zurich-story/our-leaders — as of Jul 2026, conf 30]. Confirmed Jul 2026: Official Our Leaders page (zurich.com.my/about-zurich/the-zurich-story/our-leaders) lists Country CEO Junior Cho, Life CEO Pauline Teoh, Takaful CEO Nur Fatihah Mustafa, board directors + Shariah committee only; no CISO/CRO/Compliance/CIO/GRC at management level. conf 95 Confirmed Aug 2026 via official Zurich Malaysia leaders page - only CEOs and Board members listed.]","Onn Kien Hoe (Chairman of Audit Committee) [Official: Zurich Life Insurance Malaysia Berhad AR 2024 PDF — Corporate Governance Statement p.4,7, conf 95 — board-level oversight, not executive CAE. Chaired all 6/6 Audit Committee meetings in FY2024. INED, Crowe Malaysia partner. No named executive Head of Internal Audit in AR 2024.]"
2,Takaful,Zurich Takaful Malaysia Berhad,"Terrence Chock (Head of Information Security / BISO - Singapore & Indonesia, Zurich Insurance Company Ltd) [Group-level: infosec function shared regionally; CSO30 ASEAN 2025 winner; covers Singapore & Indonesia, Malaysia likely under group structure. conf 60] [CSO30 ASEAN 2025: cybersecurityinfocus.com/?p=5791]","Not publicly disclosed on leadership page [Official: zurich.com.my/about-zurich/the-zurich-story/our-leaders — as of Jul 2026, conf 30]. Confirmed Jul 2026: Official Our Leaders page (zurich.com.my/about-zurich/the-zurich-story/our-leaders) lists 4 entity CEOs + board + Shariah committee only; no CISO/CRO/Compliance/CIO/GRC disclosed. conf 95 Confirmed Aug 2026 via official Zurich Malaysia leaders page - only CEOs and Board members listed.]","Timothy William Howell (Executive Director / Head of Finance and CFO Asia Pacific) [Official: Zurich Life Insurance Malaysia Berhad AR 2024; Zurich Malaysia leadership page confirms shared governance under Country CEO Junior Cho, confirmed Aug 2026]","Not publicly disclosed on leadership page [Official: zurich.com.my/about-zurich/the-zurich-story/our-leaders — as of Jul 2026, conf 30]. Confirmed Jul 2026: Official Our Leaders page (zurich.com.my/about-zurich/the-zurich-story/our-leaders) lists 4 entity CEOs + board + Shariah committee only; no CISO/CRO/Compliance/CIO/GRC disclosed. conf 95 Confirmed Aug 2026 via official Zurich Malaysia leaders page - only CEOs and Board members listed.]","Not publicly disclosed on leadership page [Official: zurich.com.my/about-zurich/the-zurich-story/our-leaders — as of Jul 2026, conf 30]. Confirmed Jul 2026: Official Our Leaders page (zurich.com.my/about-zurich/the-zurich-story/our-leaders) lists 4 entity CEOs + board + Shariah committee only; no CISO/CRO/Compliance/CIO/GRC disclosed. conf 95 Confirmed Aug 2026 via official Zurich Malaysia leaders page - only CEOs and Board members listed.]","Not publicly disclosed on leadership page [Official: zurich.com.my/about-zurich/the-zurich-story/our-leaders — as of Jul 2026, conf 30]. Confirmed Jul 2026: Official Our Leaders page (zurich.com.my/about-zurich/the-zurich-story/our-leaders) lists 4 entity CEOs + board + Shariah committee only; no CISO/CRO/Compliance/CIO/GRC disclosed. conf 95 Confirmed Aug 2026 via official Zurich Malaysia leaders page - only CEOs and Board members listed.]","Jan Yoke Lan (Chairperson of Audit Committee) [Official: Zurich Takaful Malaysia Berhad AR 2024 PDF — Corporate Governance Statement p.4,7, conf 95 — board-level oversight, not executive CAE. Chaired Audit Committee (15/16 meetings attended FY2024). INED, former BNM 10 years, former Senior Research Analyst UBS/RHB. No named executive Head of Internal Audit in AR 2024.]"
6,Fintech Registered,iPay88 (M) Sdn Bhd,"Alex Wah|Head of IT Cum CISO|70|https://rocketreach.co/ipay88-management_b5e52ecdf42e67ac|iPay88 CISO (RocketReach source - MEDIUM confidence) [Parent: NTT DATA Payment Services (formerly GHL Systems Berhad), acquired by NTT DATA Japan]",NOT FOUND [iPay88 does not publicly list C-suite executives beyond CISO (Alex Wah). Firecrawl agent research (Jul 2026) confirmed no public leadership data. conf 85],NOT FOUND — iPay88 is a private payment gateway (acquired by NTT Data); CFO not publicly disclosed [conf 85],"Khushwant Singh (Group Chief Risk & Credit Officer, NTT DATA Payment Services - parent co formerly GHL Systems) [Source: LinkedIn linkedin.com/company/nttdataps/, conf 85 - confirmed via CRO Summit 2026 panel & eKYC webinar]",NOT FOUND — iPay88 is a private payment gateway; compliance head not publicly disclosed [conf 85],NOT FOUND [iPay88 does not publicly list C-suite executives beyond CISO (Alex Wah). Firecrawl agent research (Jul 2026) confirmed no public leadership data. conf 85],NOT FOUND — iPay88 is a private payment gateway; CAE not publicly disclosed [conf 85]
3,MSBs,iPay88 (Malaysia) Sdn Bhd,Alex Wah,,,,,,
1,Licensed Banks,Bank Muamalat Malaysia Berhad,"Ts. Dr. Ismamuradi Abdul Kadir (CISO, CCISO) [LinkedIn: my.linkedin.com/in/ts-dr-ismamuradi-abdul-kadir-a99099a1; TheOfficialBoard; Cyber Security Professional of The Year 2023; Best CISO of The Year 2025 (5th Annual Cyber Security & Threat Intelligence Summit), conf 90]","Nasha Phedra binti Amin (Head, Legal & Secretarial) [Official: muamalat.com.my]",Amirul Nasir Abdul Rahim (Chief Financial Officer) [Official: muamalat.com.my],Hamidi A Razak (Chief Risk Officer) [Official: muamalat.com.my],Wan Kamarudin Wan Omar (Chief Compliance Officer) [Official: muamalat.com.my],Ts. Megat Mohammad Faisal Khir Johari (Chief Technology Officer) [Official: muamalat.com.my],Faidzuel Bin Zain (Chief Internal Auditor) [Official: muamalat.com.my]
2,Insurers,Sun Life Malaysia Takaful Berhad,NOT FOUND [Confirmed Jul 31 2026: Sun Life Malaysia Takaful 2025 FS (signed 11 Mar 2026) does not name a CISO. Management shared with Sun Life Malaysia Assurance. CISO function at Sun Life Asia level. conf 90],NOT FOUND [Confirmed Jul 31 2026: 2025 FS does not name GRC head. GRC function shared with Sun Life Malaysia Assurance. conf 90],"Ong Le Keat (Chief Financial Officer / Officer primarily responsible for financial management) [Official: Sun Life Malaysia Takaful Berhad 2025 Financial Statement PDF, Statutory Declaration dated 11 March 2026: sunlifemalaysia.com] [conf 100]","Datin K. Komalavalli A/P K.R. Gopal (Board Risk Management Committee Chairperson, Ind. Director, appointed 2 Sep 2022) [Official: Sun Life Malaysia Takaful FS FYE Dec 2025 + Board of Directors page on sunlifemalaysia.com; confidence: HIGH; verified]",NOT FOUND [Confirmed Jul 31 2026: 2025 FS does not name Head of Compliance. Compliance function shared with Sun Life Malaysia Assurance. conf 90],NOT FOUND [Confirmed Jul 31 2026: 2025 FS does not name CIO/CTO. IT function shared with Sun Life Malaysia Assurance. Management team page shows 1 Takaful-specific manager (Noor Azam). conf 90],"Vivien Kusumowardhani (Board Audit Committee Chairperson, Ind. Director, appointed 19 Aug 2022) [Official: Sun Life Malaysia Takaful FS FYE Dec 2025 + Board of Directors page on sunlifemalaysia.com; confidence: HIGH; verified]"
1,Licensed Banks,Bank of America Malaysia Berhad,"NOT FOUND [Confirmed Aug 2026 via BAMB FY2025 Annual Report (108pp) + CG Disclosures PY2025 (7pp). Board: Andrew Mark Sill (Chairman, appointed 29 Oct 2025; was ID), Gautam Padmakar Puntambekar (CEO & ED), Donna Chang Wai Kah (ID), Adil Ahmad (ID, appointed 28 Oct 2025). Anthony Lim Choon Eng resigned as Chairman 29 Oct 2025. Board met 8x in FY2025. Senior Management = 8 beneficiaries (9 incl CEO); Other Material Risk Takers = 14. CRO role confirmed by title (certifies incentive plans per CG report) but NOT NAMED. Chief Compliance Officer role confirmed by title but NOT NAMED. BAMB FY2025: Total Assets RM7.85B, Profit RM172.2M, CET1 33.37%.] Confirmed Aug 2026 via BAMB FY2025 Annual Report - only Board and CEO published.]","NOT FOUND [Confirmed Aug 2026 via BAMB FY2025 Annual Report (108pp) + CG Disclosures PY2025 (7pp). Board: Andrew Mark Sill (Chairman, appointed 29 Oct 2025; was ID), Gautam Padmakar Puntambekar (CEO & ED), Donna Chang Wai Kah (ID), Adil Ahmad (ID, appointed 28 Oct 2025). Anthony Lim Choon Eng resigned as Chairman 29 Oct 2025. Board met 8x in FY2025. Senior Management = 8 beneficiaries (9 incl CEO); Other Material Risk Takers = 14. CRO role confirmed by title (certifies incentive plans per CG report) but NOT NAMED. Chief Compliance Officer role confirmed by title but NOT NAMED. BAMB FY2025: Total Assets RM7.85B, Profit RM172.2M, CET1 33.37%.] Confirmed Aug 2026 via BAMB FY2025 Annual Report - only Board and CEO published.]","Nursuzanna binti Nordin (Officer primarily responsible for the financial management of Bank of America Malaysia Berhad) [Official: BAMB FY2025 Annual Report (108pp PDF: business.bofa.com BAMB-FY2025-Final-Publishing.pdf), conf 85]. Previous: Wong Poh Leng [FY2024 Financial Statement].","NOT FOUND [Confirmed Aug 2026 via BAMB FY2025 Annual Report (108pp) + CG Disclosures PY2025 (7pp). Board: Andrew Mark Sill (Chairman, appointed 29 Oct 2025; was ID), Gautam Padmakar Puntambekar (CEO & ED), Donna Chang Wai Kah (ID), Adil Ahmad (ID, appointed 28 Oct 2025). Anthony Lim Choon Eng resigned as Chairman 29 Oct 2025. Board met 8x in FY2025. Senior Management = 8 beneficiaries (9 incl CEO); Other Material Risk Takers = 14. CRO role confirmed by title (certifies incentive plans per CG report) but NOT NAMED. Chief Compliance Officer role confirmed by title but NOT NAMED. BAMB FY2025: Total Assets RM7.85B, Profit RM172.2M, CET1 33.37%.] Confirmed Aug 2026 via BAMB FY2025 Annual Report - only Board and CEO published.]","NOT FOUND [Confirmed Aug 2026 via BAMB FY2025 Annual Report (108pp) + CG Disclosures PY2025 (7pp). Board: Andrew Mark Sill (Chairman, appointed 29 Oct 2025; was ID), Gautam Padmakar Puntambekar (CEO & ED), Donna Chang Wai Kah (ID), Adil Ahmad (ID, appointed 28 Oct 2025). Anthony Lim Choon Eng resigned as Chairman 29 Oct 2025. Board met 8x in FY2025. Senior Management = 8 beneficiaries (9 incl CEO); Other Material Risk Takers = 14. CRO role confirmed by title (certifies incentive plans per CG report) but NOT NAMED. Chief Compliance Officer role confirmed by title but NOT NAMED. BAMB FY2025: Total Assets RM7.85B, Profit RM172.2M, CET1 33.37%.] Confirmed Aug 2026 via BAMB FY2025 Annual Report - only Board and CEO published.]","NOT FOUND [Confirmed Aug 2026 via BAMB FY2025 Annual Report (108pp) + CG Disclosures PY2025 (7pp). Board: Andrew Mark Sill (Chairman, appointed 29 Oct 2025; was ID), Gautam Padmakar Puntambekar (CEO & ED), Donna Chang Wai Kah (ID), Adil Ahmad (ID, appointed 28 Oct 2025). Anthony Lim Choon Eng resigned as Chairman 29 Oct 2025. Board met 8x in FY2025. Senior Management = 8 beneficiaries (9 incl CEO); Other Material Risk Takers = 14. CRO role confirmed by title (certifies incentive plans per CG report) but NOT NAMED. Chief Compliance Officer role confirmed by title but NOT NAMED. BAMB FY2025: Total Assets RM7.85B, Profit RM172.2M, CET1 33.37%.] Confirmed Aug 2026 via BAMB FY2025 Annual Report - only Board and CEO published.]","NOT FOUND [Confirmed Aug 2026 via BAMB FY2025 Annual Report (108pp) + CG Disclosures PY2025 (7pp). Board: Andrew Mark Sill (Chairman, appointed 29 Oct 2025; was ID), Gautam Padmakar Puntambekar (CEO & ED), Donna Chang Wai Kah (ID), Adil Ahmad (ID, appointed 28 Oct 2025). Anthony Lim Choon Eng resigned as Chairman 29 Oct 2025. Board met 8x in FY2025. Senior Management = 8 beneficiaries (9 incl CEO); Other Material Risk Takers = 14. CRO role confirmed by title (certifies incentive plans per CG report) but NOT NAMED. Chief Compliance Officer role confirmed by title but NOT NAMED. BAMB FY2025: Total Assets RM7.85B, Profit RM172.2M, CET1 33.37%.] Confirmed Aug 2026 via BAMB FY2025 Annual Report - only Board and CEO published.]"
192,Development Finance,Credit Guarantee Corporation Malaysia Berhad,"NOT FOUND [No dedicated CISO role listed on CGC Group Management page. CTO Wai Ko-chi may oversee infosec. Official: cgc.com.my/en-us/about/leadership/group-management, conf 90]","NOT FOUND [No dedicated GRC head. Daeng Hafez Arafat Zuhud (General Counsel & Company Secretary) handles legal/governance. Official: cgc.com.my/en-us/about/leadership/group-management, conf 85]","NOT FOUND [No separate CFO role listed among 12 Group Management members. CEO Mohamed Nazri Omar or COO Rahim Raduan may handle finance. Official: cgc.com.my/en-us/about/leadership/group-management, conf 85]","Zarina Osman (Chief Risk Officer) [Official: cgc.com.my/en-us/about/leadership/group-management, conf 95]","Uma Mageswary Murugaya (Head, Compliance & Integrity) [Official: cgc.com.my/en-us/about/leadership/group-management, conf 95]","Wai Ko-chi (Chief Technology Officer) [Official: cgc.com.my/en-us/about/leadership/group-management, conf 95]","Perbagaran Kuppusamy (Chief Internal Auditor) [Official: cgc.com.my/en-us/about/leadership/group-management, conf 95]"
193,Development Finance,Malaysia Debt Ventures Berhad,NOT FOUND - MDV does not appear to have a dedicated CISO,"Rozita Khamsiah Binti Othman (SVP, Compliance and Governance)",Adrian Khor Yew Meng,Ahmad Shukri Bin Abd Rahman,"Rozita Khamsiah Binti Othman (SVP, Compliance and Governance)","Zuhry Rashid (VP, Technology Research and Advisory)","Norazian Mat Yusup (VP, Internal Audit)"
194,Development Finance,Pengurusan Danaharta Nasional Berhad,"NOT FOUND [danaharta.com.my domain is a generic blog/directory, not Pengurusan Danaharta Nasional Berhad official site. Official website may be inactive or at different URL. conf 75]","NOT FOUND [danaharta.com.my domain is a generic blog/directory, not Pengurusan Danaharta Nasional Berhad official site. Official website may be inactive or at different URL. conf 75]","NOT FOUND [danaharta.com.my domain is a generic blog/directory, not Pengurusan Danaharta Nasional Berhad official site. Official website may be inactive or at different URL. conf 75]","NOT FOUND [danaharta.com.my domain is a generic blog/directory, not Pengurusan Danaharta Nasional Berhad official site. Official website may be inactive or at different URL. conf 75]","NOT FOUND [danaharta.com.my domain is a generic blog/directory, not Pengurusan Danaharta Nasional Berhad official site. Official website may be inactive or at different URL. conf 75]","NOT FOUND [danaharta.com.my domain is a generic blog/directory, not Pengurusan Danaharta Nasional Berhad official site. Official website may be inactive or at different URL. conf 75]","NOT FOUND [danaharta.com.my domain is a generic blog/directory, not Pengurusan Danaharta Nasional Berhad official site. Official website may be inactive or at different URL. conf 75]"
195,Insurers,AXA Affin General Insurance Berhad,NOT YET RESEARCHED,NOT YET RESEARCHED,NOT YET RESEARCHED,NOT YET RESEARCHED,NOT YET RESEARCHED,NOT YET RESEARCHED,NOT YET RESEARCHED
196,Asset Management,CIMB-Principal Asset Management Berhad,NOT FOUND - No dedicated CISO listed,"Lim Khai Qi (Head, Risk Management - ASEAN)","Hiten Asher (CFO, Southeast Asia)","Lim Khai Qi (Head, Risk Management)","Nadia Bakar (Head, Compliance)",Ng Jit Seng (COO & Head of Agency & Digital Business),NOT FOUND - No dedicated Head of Internal Audit listed
197,Asset Management,Public Mutual Berhad,NOT YET RESEARCHED,NOT YET RESEARCHED,NOT YET RESEARCHED,NOT YET RESEARCHED,NOT YET RESEARCHED,NOT YET RESEARCHED,NOT YET RESEARCHED
198,Asset Management,RHB Asset Management Sdn Bhd,NOT FOUND - Group level: See RHB Bank Berhad entry,Azman Shah Md Yaman (Group Chief Legal & Governance Officer) [Source: rhbgroup.com/others/about-us/group-senior-management/index.html],"Mohamed Bin Rastam Shahrom (Group CFO) [Source: rhbgroup.com - AM is part of RHB Investment Bank, Kevin Vijendren Davies MD oversees AM]",Dr Chong Han Hwee (Group CRO) [Source: rhbgroup.com/others/about-us/group-senior-management/index.html],Fazlina Mohamed Ghazalli (Group Chief Compliance Officer) [Source: rhbgroup.com/others/about-us/group-senior-management/index.html],Wong Kwang Leh (Group CTO) [Source: rhbgroup.com/others/about-us/group-senior-management/index.html],Tan Boon Ching (Group Chief Internal Auditor) [Source: rhbgroup.com/others/about-us/group-senior-management/index.html]
199,Asset Management,Hong Leong Asset Management Berhad,NOT YET RESEARCHED,NOT YET RESEARCHED,NOT YET RESEARCHED,NOT YET RESEARCHED,NOT YET RESEARCHED,NOT YET RESEARCHED,NOT YET RESEARCHED
200,Asset Management,Maybank Asset Management Group Sdn Bhd,NOT YET RESEARCHED,NOT YET RESEARCHED,NOT YET RESEARCHED,NOT YET RESEARCHED,NOT YET RESEARCHED,NOT YET RESEARCHED,NOT YET RESEARCHED
201,Investment Banks,JF Apex Securities Berhad,NOT YET RESEARCHED,NOT YET RESEARCHED,NOT YET RESEARCHED,NOT YET RESEARCHED,NOT YET RESEARCHED,NOT YET RESEARCHED,NOT YET RESEARCHED
202,Investment Banks,TA Securities Holdings Berhad,NOT YET RESEARCHED,NOT YET RESEARCHED,NOT YET RESEARCHED,NOT YET RESEARCHED,NOT YET RESEARCHED,NOT YET RESEARCHED,NOT YET RESEARCHED
203,Licensed Banks,Affin Bank Berhad,NOT YET RESEARCHED,NOT YET RESEARCHED,NOT YET RESEARCHED,NOT YET RESEARCHED,NOT YET RESEARCHED,NOT YET RESEARCHED,NOT YET RESEARCHED
204,Licensed Banks,Kuwait Finance House (Malaysia) Berhad,"NOT FOUND [KFH Malaysia announced ""Strategic Transition in Malaysian Market"" — management team page redirects to banking homepage. Multiple products/services discontinued. Leadership data not publicly available. Official: kfh.com.my, conf 90]","NOT FOUND [KFH Malaysia announced ""Strategic Transition in Malaysian Market"" — management team page redirects to banking homepage. Multiple products/services discontinued. Leadership data not publicly available. Official: kfh.com.my, conf 90]","NOT FOUND [KFH Malaysia announced ""Strategic Transition in Malaysian Market"" — management team page redirects to banking homepage. Multiple products/services discontinued. Leadership data not publicly available. Official: kfh.com.my, conf 90]","NOT FOUND [KFH Malaysia announced ""Strategic Transition in Malaysian Market"" — management team page redirects to banking homepage. Multiple products/services discontinued. Leadership data not publicly available. Official: kfh.com.my, conf 90]","NOT FOUND [KFH Malaysia announced ""Strategic Transition in Malaysian Market"" — management team page redirects to banking homepage. Multiple products/services discontinued. Leadership data not publicly available. Official: kfh.com.my, conf 90]","NOT FOUND [KFH Malaysia announced ""Strategic Transition in Malaysian Market"" — management team page redirects to banking homepage. Multiple products/services discontinued. Leadership data not publicly available. Official: kfh.com.my, conf 90]","NOT FOUND [KFH Malaysia announced ""Strategic Transition in Malaysian Market"" — management team page redirects to banking homepage. Multiple products/services discontinued. Leadership data not publicly available. Official: kfh.com.my, conf 90]"
205,Digital Banks,AEON Digital Bank (AEON Financial Service),"NOT FOUND - BOD: Tomokatsu Yoshitoshi (Chairman), Daisuke Maeda (Exec Director). Senior Leaders tab JS-hidden. [Source: aeonbank.com.my/about-us]","NOT FOUND - BOD: Tomokatsu Yoshitoshi (Chairman), Daisuke Maeda (Exec Director). Senior Leaders tab JS-hidden. [Source: aeonbank.com.my/about-us]","NOT FOUND - BOD: Tomokatsu Yoshitoshi (Chairman), Daisuke Maeda (Exec Director). Senior Leaders tab JS-hidden. [Source: aeonbank.com.my/about-us]","NOT FOUND - BOD: Tomokatsu Yoshitoshi (Chairman), Daisuke Maeda (Exec Director). Senior Leaders tab JS-hidden. [Source: aeonbank.com.my/about-us]","NOT FOUND - BOD: Tomokatsu Yoshitoshi (Chairman), Daisuke Maeda (Exec Director). Senior Leaders tab JS-hidden. [Source: aeonbank.com.my/about-us]","NOT FOUND - BOD: Tomokatsu Yoshitoshi (Chairman), Daisuke Maeda (Exec Director). Senior Leaders tab JS-hidden. [Source: aeonbank.com.my/about-us]","NOT FOUND - BOD: Tomokatsu Yoshitoshi (Chairman), Daisuke Maeda (Exec Director). Senior Leaders tab JS-hidden. [Source: aeonbank.com.my/about-us]"
206,Fintech,Curlec Sdn Bhd,NOT YET RESEARCHED,NOT YET RESEARCHED,NOT YET RESEARCHED,NOT YET RESEARCHED,NOT YET RESEARCHED,NOT YET RESEARCHED,NOT YET RESEARCHED
207,Fintech,FavePay Malaysia Sdn Bhd,NOT YET RESEARCHED,NOT YET RESEARCHED,NOT YET RESEARCHED,NOT YET RESEARCHED,NOT YET RESEARCHED,NOT YET RESEARCHED,NOT YET RESEARCHED
208,Fintech,HelloGold Malaysia Sdn Bhd,NOT YET RESEARCHED,NOT YET RESEARCHED,NOT YET RESEARCHED,NOT YET RESEARCHED,NOT YET RESEARCHED,NOT YET RESEARCHED,NOT YET RESEARCHED
209,Fintech,CompareHero (by Jirnexu),NOT YET RESEARCHED,NOT YET RESEARCHED,NOT YET RESEARCHED,NOT YET RESEARCHED,NOT YET RESEARCHED,NOT YET RESEARCHED,NOT YET RESEARCHED
210,Fintech,RinggitPlus (by Jirnexu),NOT YET RESEARCHED,NOT YET RESEARCHED,NOT YET RESEARCHED,NOT YET RESEARCHED,NOT YET RESEARCHED,NOT YET RESEARCHED,NOT YET RESEARCHED
211,Payment Processors,Maybank QRPay,NOT YET RESEARCHED,NOT YET RESEARCHED,NOT YET RESEARCHED,NOT YET RESEARCHED,NOT YET RESEARCHED,NOT YET RESEARCHED,NOT YET RESEARCHED
212,Payment Processors,CIMB Clicks Pay,NOT FOUND - See CIMB Bank Berhad entry for Group CISO,Kwan Keen Yew (Group Chief Legal & Compliance Officer; Group Chief Integrity & Governance Officer) [Source: cimb.com/en/who-we-are/leadership/senior-management-team.html],Khairul Rifaie (Group CFO & Strategy Officer) [Source: cimb.com/en/who-we-are/leadership/senior-management-team.html],NOT FOUND at SMT level - See CIMB Bank Berhad entry,Kwan Keen Yew (Group Chief Legal & Compliance Officer) [Source: cimb.com/en/who-we-are/leadership/senior-management-team.html],Ros Aziah Mohd Yusoff (Group CTO) [Source: cimb.com/en/who-we-are/leadership/senior-management-team.html],NOT FOUND at SMT level - See CIMB Bank Berhad entry
213,Credit Cooperatives,Bank Kerjasama Rakyat Malaysia Berhad,NOT YET RESEARCHED,NOT YET RESEARCHED,NOT YET RESEARCHED,NOT YET RESEARCHED,NOT YET RESEARCHED,NOT YET RESEARCHED,NOT YET RESEARCHED
214,Credit Cooperatives,Koperasi PDRM (Polis Diraja Malaysia),NOT YET RESEARCHED,NOT YET RESEARCHED,NOT YET RESEARCHED,NOT YET RESEARCHED,NOT YET RESEARCHED,NOT YET RESEARCHED,NOT YET RESEARCHED
215,Credit Cooperatives,Majlis Perundingan Bank-Bank Islam Malaysia (MBSM),NOT YET RESEARCHED,NOT YET RESEARCHED,NOT YET RESEARCHED,NOT YET RESEARCHED,NOT YET RESEARCHED,NOT YET RESEARCHED,NOT YET RESEARCHED
